location_key,country_code,country_name,aggregation_level,population,population_male,population_female,population_rural,population_urban,population_largest_city,population_clustered,population_density,human_development_index,population_age_00_09,population_age_10_19,population_age_20_29,population_age_30_39,population_age_40_49,population_age_50_59,population_age_60_69,population_age_70_79,population_age_80_and_older,life_expectancy,smoking_prevalence,diabetes_prevalence,infant_mortality_rate,adult_male_mortality_rate,adult_female_mortality_rate,pollution_mortality_rate,comorbidity_mortality_rate,hospital_beds_per_1000,nurses_per_1000,physicians_per_1000,health_expenditure_usd,out_of_pocket_health_expenditure_usd
AD,AD,Andorra,0,77265.0,58625.0,55581.0,9269.0,67873.0,2159137.0,3137690.0,164.394,0.858,9370.0,12022.0,10727.0,12394.0,21001.0,20720.0,14433.0,8657.0,4881.0,74.131,33.5,7.7,2.7,177.539,95.579,68.6,18.8,2.3,4.0128,3.3333,4040.786621,1688.12146
AE,AE,United Arab Emirates,0,9890400.0,6836349.0,3054051.0,1290785.0,8479744.0,2833079.0,5914068.0,118.306,0.863,1011713.0,842991.0,2149343.0,3169314.0,1608109.0,797913.0,242707.0,55884.0,12426.0,77.814,28.9,16.3,6.5,69.555,44.863,54.7,16.8,2.3,5.7271,2.5278,1357.017456,256.034485
AF,AF,Afghanistan,0,38928341.0,19976265.0,18952076.0,28244481.0,9797273.0,4114030.0,4114030.0,59.627,0.498,11088732.0,9821559.0,7035871.0,4534646.0,2963459.0,1840198.0,1057496.0,480455.0,105925.0,64.486,21.8,9.2,47.9,237.554,192.532,211.1,29.8,0.5,0.1755,0.2782,67.12265,50.665913
AG,AG,Antigua and Barbuda,0,97928.0,47269.0,50659.0,73318.0,23800.0,2159137.0,3137690.0,222.564,0.78,14583.0,13867.0,14894.0,14094.0,13860.0,12832.0,8043.0,4101.0,1654.0,76.885,21.8,13.1,5.0,126.917,83.136,29.9,22.6,2.3,4.5171,2.956,673.85968,235.749039
AL,AL,Albania,0,2862427.0,1429594.0,1432833.0,1106598.0,1747593.0,484624.0,3137690.0,99.6,0.764,319074.0,381542.0,474360.0,366807.0,339697.0,398271.0,315510.0,190753.0,52224.0,78.9,28.7,9.0,7.8,93.315,49.486,68.0,17.0,2.3,3.6495,1.2164,335.9494475,92.7579195
AM,AM,Armenia,0,2963234.0,1393747.0,1569487.0,1087883.0,1869848.0,1083323.0,1083323.0,104.083,0.743,418859.0,368930.0,408924.0,503953.0,353088.0,362653.0,328402.0,126743.0,91682.0,74.945,24.1,6.1,11.0,173.428,65.595,54.8,22.3,4.2,6.107,4.4023,407.635864,343.832977
AO,AO,Angola,0,32866267.0,16260870.0,16605398.0,10764270.0,21061025.0,8044735.0,8044735.0,26.363,0.581,10899168.0,7881779.0,5306037.0,3699729.0,2412735.0,1464602.0,785897.0,331729.0,84592.0,60.782,21.8,4.5,51.6,327.044,220.291,118.5,16.5,2.3,0.4075,0.2146,114.459641,39.054794
AR,AR,Argentina,0,44938712.0,19523766.0,20593330.0,3599141.0,41339571.0,15057273.0,19280518.0,16.515,0.825,6718871.0,7045513.0,6430658.0,5777148.0,4507125.0,3911943.0,2914251.0,1817557.0,994030.0,76.52,21.8,5.9,8.8,147.086,79.483,26.6,15.8,2.3,2.5996,3.9901,1324.603516,198.935944
AT,AT,Austria,0,8858775.0,4357033.0,4501742.0,3682651.0,5194416.0,1915338.0,1915338.0,107.1,0.908,855419.0,862277.0,1134471.0,1203124.0,1209216.0,1382468.0,989286.0,779997.0,442517.0,81.8,29.6,6.6,2.9,79.032,41.779,15.3,11.4,2.3,7.0899,5.1697,4939.875488,948.617432
AU,AU,Australia,0,25499881.0,12698625.0,12801256.0,3519551.0,21844756.0,4870388.0,15446689.0,3.319,0.939,3308974.0,3130480.0,3375454.0,3718344.0,3306060.0,3107735.0,2651187.0,1846376.0,1055271.0,82.74878,14.7,5.6,3.1,75.835,44.673,8.4,9.1,2.3,12.5508,3.6778,5331.817871,967.837036
AW,AW,Aruba,0,106766.0,50642.0,56124.0,60019.0,46295.0,2159137.0,3137690.0,593.144,0.735,11757.0,14010.0,14980.0,11244.0,14271.0,17205.0,13754.0,6958.0,2587.0,76.152,21.8,11.6,14.0,110.63,68.514,68.6,18.8,2.3,3.06705,1.5765500000000001,335.9494475,92.7579195
AZ,AZ,Azerbaijan,0,10139175.0,5064664.0,5074511.0,4407153.0,5616165.0,2313138.0,2313138.0,122.664,0.751,1686038.0,1335458.0,1608985.0,1766692.0,1280803.0,1281076.0,804308.0,242762.0,133053.0,72.864,20.8,6.1,19.2,149.499,89.073,63.9,22.2,2.3,3.06705,1.5765500000000001,275.809357,231.283081
BA,BA,Bosnia and Herzegovina,0,3280815.0,1606609.0,1674206.0,1695856.0,1605144.0,342743.0,3137690.0,64.33,0.733,295212.0,346275.0,403272.0,458385.0,447738.0,500182.0,463795.0,242498.0,123458.0,77.262,38.9,9.0,5.0,115.278,59.775,79.8,17.8,2.3,5.7333,2.1616,460.473328,134.178741
BB,BB,Barbados,0,287371.0,139084.0,148287.0,197594.0,89431.0,2159137.0,3137690.0,668.305,0.8,30618.0,36512.0,37578.0,37124.0,39067.0,39936.0,33573.0,20154.0,12809.0,79.081,7.8,13.4,11.3,129.531,91.939,31.1,16.2,2.3,3.06,2.4843,1183.836182,548.158508
BD,BD,Bangladesh,0,164689383.0,83259108.0,81430275.0,102058744.0,60987417.0,20283552.0,25198185.0,1265.187,0.632,28972610.0,30674422.0,29765033.0,26511633.0,20651270.0,15005703.0,7296837.0,4095812.0,1716063.0,72.32,23.0,9.2,25.1,151.411,114.505,149.0,21.6,0.8,0.4124,0.5809,36.282337,26.807108
BE,BE,Belgium,0,11455519.0,5644826.0,5810693.0,224973.0,11259082.0,2065284.0,3102595.0,375.3,0.931,1282761.0,1288307.0,1416867.0,1488564.0,1508902.0,1594256.0,1326035.0,902858.0,646969.0,81.7,28.2,4.6,2.9,80.262,49.245,15.7,11.4,2.3,19.4614,3.0709,4507.356445,795.017578
BF,BF,Burkina Faso,0,20903278.0,10444713.0,10458565.0,14229029.0,6092349.0,2652720.0,2652720.0,76.401,0.423,6552188.0,5029543.0,3508065.0,2428033.0,1587133.0,977490.0,538877.0,234237.0,47712.0,61.174,12.5,7.3,49.0,260.379,228.16,206.2,21.7,2.3,0.8829,0.0847,44.403492,14.065959
BG,BG,Bulgaria,0,7000039.0,3395701.0,3604338.0,1719734.0,5256027.0,1276937.0,1276937.0,63.9,0.782,670392.0,650000.0,727368.0,969414.0,1062720.0,946529.0,954084.0,680922.0,338610.0,75.0,37.0,6.0,5.9,183.956,86.496,61.8,23.6,2.3,4.8156,4.0332,663.715088,308.97641
BH,BH,Bahrain,0,1701583.0,1100474.0,601109.0,174063.0,1467109.0,600433.0,3137690.0,2238.925,0.824,218135.0,181855.0,306670.0,507733.0,256721.0,140231.0,66572.0,17818.0,5848.0,77.163,26.4,15.6,6.1,72.073,56.217,40.1,11.3,2.3,2.4944,0.9257,1127.186279,344.379944
BI,BI,Burundi,0,11890781.0,5899864.0,5990917.0,9989403.0,1541177.0,954424.0,3137690.0,463.037,0.417,3872447.0,2725292.0,2029581.0,1539547.0,747632.0,491974.0,339631.0,112129.0,32548.0,61.247,21.8,5.1,41.0,310.651,253.135,179.9,22.9,2.3,0.8526,0.1001,23.500433,5.98391
BJ,BJ,Benin,0,12123198.0,6054248.0,6068950.0,6153002.0,5648149.0,991000.0,3137690.0,107.513,0.515,3596950.0,2779486.0,2061768.0,1436443.0,981832.0,650681.0,379183.0,184835.0,52020.0,61.47,6.4,1.0,60.5,258.647,211.008,205.0,19.6,2.3,0.3888,0.0791,30.766447,13.838727
BM,BM,Bermuda,0,62273.0,32322.0,34524.0,0.0,63918.0,2159137.0,3137690.0,1245.46,0.735,7430.0,7680.0,8063.0,7719.0,7253.0,10229.0,9484.0,5676.0,3313.0,81.651707,21.8,6.7,14.0,177.539,95.579,68.6,18.8,2.3,3.06705,1.5765500000000001,335.9494475,92.7579195
BN,BN,Brunei,0,437483.0,226987.0,210496.0,95574.0,337711.0,2159137.0,3137690.0,83.014,0.853,66355.0,65084.0,69696.0,76568.0,68003.0,50221.0,28513.0,9569.0,3474.0,75.722,16.9,13.3,9.8,143.719,98.803,13.3,16.6,2.7,5.8974,1.609,671.411499,34.756348
BO,BO,Bolivia,0,11673029.0,5858019.0,5815010.0,3480065.0,8033035.0,1835355.0,4782916.0,10.775,0.693,2364587.0,2297696.0,2039534.0,1639099.0,1238343.0,883592.0,615318.0,391941.0,202919.0,71.239,21.8,6.8,21.8,219.194,138.315,63.7,17.2,2.3,1.5589,1.5901,220.274567,55.240124
BR,BR,Brazil,0,212559409.0,104435783.0,108123626.0,27807886.0,183241641.0,21846507.0,88861474.0,25.431,0.754,29076910.0,31160446.0,34104643.0,34476762.0,29462006.0,24421202.0,16896862.0,8801551.0,4159027.0,75.672,13.9,10.4,12.8,188.528,91.421,29.9,16.6,2.3,10.119,2.1643,928.799316,255.006439
BS,BS,Bahamas,0,393248.0,191093.0,202155.0,65698.0,323784.0,2159137.0,3137690.0,39.286,0.807,53654.0,63795.0,66568.0,55457.0,56496.0,49222.0,29430.0,13645.0,4981.0,73.752,11.5,8.8,8.3,193.627,116.813,19.9,15.5,2.3,4.5669,2.0068,1771.535522,548.865479
BT,BT,Bhutan,0,771612.0,410087.0,361525.0,445554.0,317538.0,2159137.0,3137690.0,20.243,0.612,125828.0,135993.0,153314.0,138681.0,89604.0,59014.0,36908.0,22234.0,10036.0,71.46,21.8,10.3,24.8,197.28,194.721,124.5,23.3,2.3,1.8518,0.4242,96.799301,12.880568
BW,BW,Botswana,0,2351625.0,1139099.0,1212526.0,687147.0,1616550.0,2159137.0,3137690.0,4.149,0.717,539005.0,472033.0,402509.0,365289.0,261015.0,146583.0,104251.0,48558.0,12382.0,69.275,20.0,5.8,30.0,249.384,161.962,101.3,20.3,2.3,5.403,0.5269,465.929321,13.946393
BY,BY,Belarus,0,9449321.0,4399367.0,5049954.0,1983874.0,7482982.0,2016677.0,2016677.0,46.569,0.798,1143840.0,928883.0,1077802.0,1530348.0,1285401.0,1345791.0,1243251.0,525562.0,368443.0,74.17561,26.7,5.0,2.6,234.903,82.559,60.7,23.7,2.3,11.0027,5.1905,342.499908,94.238846
BZ,BZ,Belize,0,397621.0,197761.0,199860.0,211314.0,179039.0,2159137.0,3137690.0,17.432,0.715,78106.0,77850.0,75819.0,59715.0,43958.0,31810.0,17814.0,8311.0,4238.0,74.496,21.8,17.1,11.2,213.827,117.655,68.6,22.1,2.3,2.3414,1.1229,280.49881,67.754105
CA,CA,Canada,0,37742157.0,18732178.0,19009979.0,6960780.0,30628482.0,6139404.0,17211244.0,4.15,0.926,3970921.0,3971320.0,5096616.0,5278661.0,4846667.0,5182433.0,4712744.0,3018676.0,1664119.0,81.94878,14.3,7.6,4.3,82.625,51.763,7.0,9.8,2.3,9.9438,2.6102,4754.947754,676.141724
CD,CD,Democratic Republic of the Congo,0,89561404.0,44710172.0,44851232.0,47694888.0,39095679.0,13743278.0,21141723.0,39.506,0.457,29487306.0,21000020.0,14169236.0,9762334.0,6605529.0,4347003.0,2585841.0,1268686.0,335449.0,60.368,21.8,6.0,68.2,273.573,224.637,163.9,19.4,2.3,1.1101,0.074,19.431646,7.796894
CF,CF,Central African Republic,0,4829764.0,2394042.0,2435722.0,2763121.0,1982064.0,869599.0,3137690.0,7.753,0.367,1435609.0,1264608.0,839990.0,501335.0,339529.0,232596.0,139061.0,61506.0,15530.0,52.805,21.8,6.0,84.5,452.968,371.323,211.9,23.1,2.3,0.2063,0.0721,24.150055,7.532184
CG,CG,Republic of the Congo,0,5518092.0,2756678.0,2761414.0,1755498.0,3625010.0,2308076.0,3483589.0,16.158,0.606,1592335.0,1257964.0,874261.0,680079.0,535814.0,327892.0,164737.0,69397.0,15613.0,64.29,26.9,6.0,36.2,279.572,240.201,130.7,16.7,2.3,0.6271,1.5765500000000001,49.983723,24.192739
CH,CH,Switzerland,0,8544527.0,4237121.0,4307406.0,2242404.0,6332428.0,1383092.0,1383092.0,213.6,0.93,868184.0,841274.0,1052733.0,1215196.0,1204432.0,1281878.0,931525.0,705653.0,443652.0,83.8,25.7,5.7,3.7,58.204,35.896,10.1,8.6,2.3,17.5357,4.2957,9956.259766,2882.037109
CI,CI,Ivory Coast,0,26378275.0,13300380.0,13077895.0,12539644.0,13176900.0,5058550.0,5058550.0,82.951,0.492,7750286.0,6104858.0,4660994.0,3172215.0,2117552.0,1337226.0,822066.0,341744.0,71334.0,57.422,21.8,2.4,59.4,360.552,325.098,269.1,29.1,2.3,0.6048,1.5765500000000001,69.749245,27.453821
CL,CL,Chile,0,17574003.0,8972014.0,8601989.0,2341903.0,16610135.0,6723516.0,6723516.0,25.71,0.832,2428079.0,2493879.0,2995538.0,2945404.0,2578404.0,2352271.0,1791787.0,993126.0,537721.0,80.042,37.8,8.6,6.2,107.669,59.035,25.3,12.4,2.3,13.3248,2.5912,1381.986206,463.437714
CM,CM,Cameroon,0,26545864.0,13277075.0,13268789.0,11135124.0,14741256.0,3822425.0,7358544.0,56.157,0.556,7846026.0,6176459.0,4551787.0,3399842.0,2141843.0,1288477.0,733299.0,332734.0,75397.0,58.921,21.8,6.0,50.6,317.692,281.332,208.1,21.6,2.3,3.06705,1.5765500000000001,67.811813,48.117634
CN,CN,China,0,1439323774.0,738247340.0,701076434.0,554781038.0,842933962.0,26317104.0,398976116.0,153.312,0.752,170667620.0,166604610.0,185147170.0,228830425.0,216111763.0,222185873.0,151663905.0,71494305.0,26618103.0,76.704,25.6,9.2,7.4,93.777,60.272,112.7,17.0,2.3,2.6621,1.9798,440.825623,158.919449
CO,CO,Colombia,0,50882884.0,24984564.0,25898320.0,9512141.0,40827302.0,10779376.0,22114342.0,45.861,0.747,7414155.0,8119876.0,8847061.0,7810299.0,6450787.0,5543980.0,3771358.0,1979761.0,945607.0,77.109,9.0,7.4,12.2,151.616,77.999,37.0,15.8,2.3,1.3309,2.1848,459.197571,74.887901
CR,CR,Costa Rica,0,5094114.0,2545076.0,2549038.0,1005676.0,4041885.0,1378546.0,1378546.0,99.767,0.794,705598.0,718837.0,824456.0,825655.0,650562.0,602395.0,423008.0,230865.0,112738.0,80.095,11.9,9.1,7.6,113.079,56.969,23.3,11.5,1.2,3.4144,2.8939,869.077759,184.725845
CU,CU,Cuba,0,11326616.0,5623468.0,5703148.0,2594348.0,8739135.0,2138419.0,2138419.0,106.413,0.769,1199376.0,1246732.0,1421019.0,1523033.0,1561982.0,1967295.0,1174022.0,804207.0,428950.0,78.726,35.2,9.6,3.7,113.198,73.993,49.5,16.4,2.3,7.5614,8.4218,987.627014,103.529617
CV,CV,Cape Verde,0,555988.0,279117.0,276871.0,185906.0,364029.0,2159137.0,3137690.0,137.962,0.654,105076.0,99937.0,97845.0,98286.0,64906.0,47912.0,26373.0,9056.0,6597.0,72.782,9.1,2.4,16.7,182.203,85.514,99.5,17.2,2.3,1.2983,0.7814,167.589615,48.427498
CW,CW,Curaçao,0,164100.0,75469.0,88631.0,17175.0,140363.0,2159137.0,3137690.0,369.595,0.89,19331.0,21574.0,19538.0,18723.0,20281.0,24426.0,20705.0,13005.0,6517.0,78.017073,21.8,11.6,14.0,130.145,63.365,68.6,18.8,2.3,3.06705,1.5765500000000001,335.9494475,92.7579195
CY,CY,Cyprus,0,875899.0,427831.0,448068.0,397867.0,800708.0,2159137.0,3137690.0,94.4,0.85,95734.0,94326.0,137873.0,139859.0,110212.0,108417.0,93559.0,63906.0,32013.0,82.9,36.4,9.0,1.9,64.711,32.883,20.1,11.3,2.3,5.2512,1.9509,1731.694458,772.890503
CZ,CZ,Czech Republic,0,10649800.0,5244194.0,5405606.0,2782553.0,7887156.0,1298804.0,1298804.0,137.7,0.888,1139146.0,1021305.0,1166994.0,1512166.0,1724438.0,1320174.0,1358902.0,973768.0,432907.0,79.1,34.3,7.0,2.7,108.785,51.325,29.6,15.0,6.5,8.3955,4.1208,1475.915161,218.569794
DE,DE,Germany,0,83019213.0,40966691.0,42052522.0,18807964.0,64324835.0,3556792.0,7977060.0,234.7,0.942,7588635.0,7705657.0,9800607.0,10646445.0,10426257.0,13474166.0,10302411.0,7685929.0,5389106.0,81.0,30.6,10.4,3.1,86.511,48.026,16.0,12.1,2.3,13.2352,4.2488,5033.452148,637.885254
DJ,DJ,Djibouti,0,988002.0,518993.0,469009.0,215011.0,758549.0,568804.0,3137690.0,42.623,0.476,197110.0,179320.0,177328.0,162416.0,120922.0,78077.0,44334.0,22330.0,6165.0,66.582,13.1,5.1,49.8,232.137,178.345,159.0,19.6,2.3,3.06705,1.5765500000000001,70.330894,18.640654
DK,DK,Denmark,0,5806081.0,2889073.0,2917008.0,698575.0,5119978.0,1333888.0,1333888.0,138.0,0.929,618216.0,683669.0,783879.0,681161.0,762648.0,797775.0,662929.0,552058.0,263746.0,81.0,19.1,8.3,3.6,82.426,51.652,13.2,11.3,2.5,10.3195,4.0099,5800.151367,796.851868
DM,DM,Dominica,0,71991.0,35041.0,36298.0,20978.0,50830.0,2159137.0,3137690.0,95.988,0.715,15280.0,15360.0,10894.0,12217.0,8926.0,5747.0,2629.0,178.0,110.0,76.59756,21.8,11.6,32.9,177.539,95.579,68.6,18.8,2.3,6.4385,1.1189,439.594452,136.076263
DO,DO,Dominican Republic,0,10847904.0,5418206.0,5429698.0,1951483.0,8787475.0,3245021.0,3245021.0,224.501,0.736,1999348.0,1935875.0,1854317.0,1564382.0,1274489.0,1014335.0,682139.0,341500.0,181519.0,73.892,13.7,8.6,24.1,197.349,114.55,43.0,19.0,2.3,1.3802,1.56,433.208588,193.809692
DZ,DZ,Algeria,0,43851043.0,22153808.0,21697235.0,11542954.0,31510100.0,2729325.0,2729325.0,18.411,0.754,9677490.0,6731747.0,6573715.0,7275235.0,5448619.0,3800056.0,2530542.0,1237834.0,575805.0,76.693,15.6,6.7,20.1,102.851,80.672,49.7,14.2,1.9,1.5477,1.7193,258.494293,84.136894
EC,EC,Ecuador,0,17643060.0,8823827.0,8819233.0,6256951.0,11116711.0,2946158.0,4793906.0,71.038,0.746,3277730.0,3115985.0,3036188.0,2592839.0,2088240.0,1591139.0,1087738.0,570124.0,283077.0,76.8,7.1,5.5,12.2,161.14,88.072,24.5,13.0,2.3,2.5059,2.0368,518.029602,204.095932
EE,EE,Estonia,0,1324820.0,625635.0,699185.0,410566.0,916024.0,441321.0,3137690.0,30.4,0.892,144911.0,133739.0,152825.0,192519.0,182048.0,171824.0,162450.0,109787.0,74717.0,78.5,31.3,4.2,2.1,154.542,56.077,25.0,17.0,5.0,11.1558,4.4833,1300.481689,307.754089
EG,EG,Egypt,0,102334403.0,51702862.0,50631541.0,57492249.0,42895824.0,20484965.0,25667415.0,102.802,0.696,25028540.0,18385431.0,16511130.0,15198349.0,10948602.0,7844892.0,5122657.0,2530980.0,763822.0,71.825,25.2,17.2,18.1,182.7,105.456,108.9,27.7,2.3,1.9262,0.4521,105.768456,63.548351
ER,ER,Eritrea,0,3546427.0,1777548.0,1768879.0,1951483.0,3924621.0,2159137.0,3137690.0,35.113,0.44,971770.0,860625.0,572236.0,460764.0,280842.0,171950.0,128327.0,77082.0,22831.0,65.941,5.7,5.1,31.3,276.241,202.445,173.7,23.9,2.3,1.4397,0.0628,32.911999,19.458075
ES,ES,Spain,0,46937060.0,23009259.0,23927801.0,9149372.0,37927409.0,6559041.0,12100168.0,93.1,0.876,4424389.0,4837889.0,4813442.0,6238063.0,7796721.0,6913603.0,5213631.0,3818438.0,2880884.0,83.5,29.3,6.9,2.5,74.537,37.537,9.9,9.9,2.3,5.7295,3.8723,2506.464844,590.668274
ET,ET,Ethiopia,0,114963583.0,57516835.0,57446748.0,88290020.0,23788710.0,4591983.0,4591983.0,114.964,0.463,32037548.0,26828994.0,21439045.0,13792878.0,9038653.0,5704066.0,3624554.0,1929368.0,568477.0,66.24,4.4,4.3,39.1,236.779,184.812,144.4,18.3,0.3,0.7135,0.0769,25.261953,8.692383
FI,FI,Finland,0,5517919.0,2723290.0,2794629.0,803426.0,4716888.0,1292232.0,1292232.0,18.1,0.883,576696.0,601705.0,675248.0,706147.0,657943.0,732782.0,724769.0,539919.0,302710.0,81.8,20.4,5.6,1.4,89.21,44.026,7.2,10.2,4.4,14.7374,3.8118,4205.742676,850.713318
FJ,FJ,Fiji,0,896444.0,454018.0,442426.0,384905.0,505048.0,2159137.0,3137690.0,49.066,0.741,177140.0,158135.0,141945.0,134954.0,106523.0,91437.0,57119.0,23633.0,5558.0,67.341,22.6,14.7,21.6,256.995,174.97,99.0,30.6,2.3,3.3752,0.86,188.414322,29.381798
FM,FM,Micronesia,0,115021.0,58480.0,56541.0,87852.0,25963.0,2159137.0,3137690.0,164.316,0.735,24048.0,23299.0,22348.0,15088.0,11429.0,9785.0,6732.0,1929.0,363.0,67.755,21.8,11.9,25.6,177.715,146.294,151.8,26.1,2.3,2.0426,1.5765500000000001,424.809784,10.210433
FO,FO,Faroe Islands,0,48865.0,27785.0,25775.0,28124.0,20554.0,2159137.0,3137690.0,35.004,0.735,7165.0,7068.0,7773.0,6229.0,6056.0,6837.0,5844.0,4321.0,2267.0,82.54878,21.8,4.7,14.0,177.539,95.579,68.6,18.8,2.3,3.06705,1.5765500000000001,335.9494475,92.7579195
FR,FR,France,0,67012883.0,32386507.0,34626376.0,12936523.0,54123364.0,10958187.0,15324817.0,105.6,0.901,7864258.0,8319867.0,7526449.0,8298645.0,8663535.0,8788270.0,7999231.0,5445963.0,4106665.0,82.9,32.7,4.8,3.4,95.352,48.187,9.7,10.6,2.3,11.4707,3.2672,4379.727051,411.003204
GA,GA,Gabon,0,2225728.0,1132854.0,1092874.0,222885.0,1949694.0,823870.0,3137690.0,8.638,0.702,600006.0,422770.0,367413.0,350066.0,232164.0,134152.0,71303.0,36693.0,11161.0,66.187,21.8,6.0,32.7,238.333,182.317,76.0,14.4,2.3,2.946,0.6819,204.492249,51.442871
GB,GB,United Kingdom,0,66647112.0,32901036.0,33746076.0,10926089.0,55908316.0,9176530.0,18018197.0,273.8,0.922,8031553.0,7570117.0,8697520.0,8872959.0,8465444.0,9020629.0,7101044.0,5567890.0,3319956.0,81.3,22.3,3.9,3.6,86.107,55.36,13.8,10.9,2.3,8.1723,2.8117,3858.674316,615.721802
GD,GD,Grenada,0,112519.0,56666.0,55853.0,71238.0,40765.0,2159137.0,3137690.0,330.938,0.772,18131.0,16137.0,18289.0,18210.0,12871.0,12145.0,9576.0,4788.0,2372.0,72.384,21.8,10.7,13.7,179.054,117.738,45.3,21.4,2.3,6.2837,1.4067,497.236053,260.620514
GE,GE,Georgia,0,3989175.0,1901227.0,2087947.0,1523906.0,2196476.0,1077346.0,1077346.0,57.406,0.735,553163.0,471057.0,500698.0,565076.0,517946.0,523623.0,459858.0,248786.0,148968.0,73.6,28.8,5.8,8.7,221.61,77.23,101.8,24.9,2.3,4.7293,7.1201,293.053589,160.481735
GH,GH,Ghana,0,31072945.0,15749999.0,15322946.0,13168802.0,17249054.0,3205586.0,5680794.0,136.56,0.592,8057871.0,6616721.0,5398591.0,4190418.0,3031250.0,2134979.0,1091067.0,456790.0,95258.0,63.78,3.9,2.5,34.9,254.991,214.333,203.8,20.8,2.3,4.2001,0.1359,66.749413,26.894472
GL,GL,Greenland,0,56772.0,25310.0,24138.0,7280.0,48945.0,2159137.0,3137690.0,0.138,0.735,6847.0,6865.0,7738.0,6648.0,4838.0,8106.0,5267.0,2337.0,803.0,70.84878,21.8,2.1,14.0,177.539,95.579,68.6,18.8,2.3,3.06705,1.5765500000000001,335.9494475,92.7579195
GM,GM,Gambia,0,2416664.0,1198540.0,1218124.0,893748.0,1453958.0,443428.0,3137690.0,238.801,0.46,762310.0,556857.0,429179.0,283131.0,174067.0,115911.0,59281.0,30008.0,5920.0,61.735,15.5,1.9,39.0,279.951,224.406,237.0,20.4,2.3,1.5447,0.1021,23.272326,5.127221
GN,GN,Guinea,0,13132792.0,6353234.0,6779558.0,8109741.0,4661505.0,1889233.0,1889233.0,53.446,0.459,3965624.0,3199454.0,2365739.0,1470866.0,898439.0,614524.0,408149.0,171250.0,38747.0,61.185,21.8,2.4,64.9,260.356,232.889,243.3,22.4,2.3,0.1238,0.0832,33.720112,19.113756
GQ,GQ,Equatorial Guinea,0,1402985.0,780380.0,622605.0,371174.0,984812.0,395403.0,3137690.0,50.017,0.591,371663.0,265297.0,286385.0,248981.0,115362.0,62217.0,34879.0,14721.0,3480.0,58.402,21.8,6.0,62.6,334.453,294.556,177.7,22.0,2.3,0.5024,0.4017,301.150055,231.259186
GR,GR,Greece,0,10724599.0,5208293.0,5516306.0,2208848.0,8507474.0,3154152.0,3154152.0,82.5,0.865,994709.0,1088503.0,1121294.0,1375885.0,1608239.0,1500790.0,1278758.0,995987.0,760434.0,81.9,43.4,4.7,3.6,93.96,42.478,27.6,12.4,4.3,3.6331,5.4789,1516.587769,527.017395
GT,GT,Guatemala,0,17915567.0,8827109.0,9088458.0,8063081.0,8540945.0,2891230.0,2891230.0,167.185,0.627,4047467.0,3871605.0,3413159.0,2532064.0,1701993.0,1053817.0,718852.0,382507.0,194103.0,74.063,21.8,10.0,22.1,201.48,111.16,73.8,14.9,2.3,0.0737,0.3549,259.935028,140.713516
GU,GU,Guam,0,168783.0,85140.0,83643.0,8601.0,158693.0,2159137.0,3137690.0,312.561,0.735,26980.0,27161.0,27031.0,21835.0,19936.0,20164.0,14331.0,7781.0,3564.0,79.859,21.8,18.7,14.0,79.819,39.075,68.6,18.8,2.3,3.06705,1.5765500000000001,335.9494475,92.7579195
GW,GW,Guinea-Bissau,0,1967998.0,962695.0,1005303.0,1080000.0,840922.0,578829.0,3137690.0,69.986,0.455,582349.0,450029.0,342384.0,254506.0,156575.0,92188.0,60416.0,24637.0,4914.0,58.003,21.8,2.4,54.0,373.99,301.21,214.7,20.0,2.3,0.6851,0.1274,52.359409,37.730824
GY,GY,Guyana,0,786559.0,395549.0,391010.0,573854.0,208912.0,2159137.0,3137690.0,3.996,0.654,147628.0,145351.0,145306.0,93109.0,90525.0,79337.0,51356.0,22940.0,11007.0,69.774,21.8,11.6,25.1,268.873,182.082,107.8,30.5,2.3,1.0398,0.8023,230.527283,74.853691
HK,HK,Hong Kong,0,7496988.0,3439666.0,4057322.0,0.0,7507400.0,7490776.0,7490776.0,7139.989,0.933,664195.0,552659.0,867629.0,1122165.0,1129130.0,1207906.0,1048881.0,525084.0,379339.0,84.934146,21.8,4.5,14.0,61.901,33.104,68.6,18.8,2.3,3.06705,1.5765500000000001,335.9494475,92.7579195
HN,HN,Honduras,0,9904608.0,4948880.0,4955728.0,4119684.0,5626433.0,1403162.0,1403162.0,88.521,0.606,2005992.0,2064638.0,1905418.0,1470937.0,1047736.0,680011.0,420078.0,205311.0,104487.0,75.088,2.0,7.3,15.1,166.999,115.541,60.7,14.0,2.3,0.7357,0.3089,195.935745,95.423988
HR,HR,Croatia,0,4076246.0,1972572.0,2103674.0,1739182.0,2328318.0,685233.0,3137690.0,73.2,0.831,387321.0,404914.0,479988.0,544058.0,542154.0,581554.0,560437.0,358187.0,217633.0,78.2,37.0,5.4,4.0,117.544,49.809,35.5,16.7,5.6,8.1224,2.9996,902.139648,98.994057
HT,HT,Haiti,0,11402533.0,5626445.0,5776088.0,4934129.0,6328948.0,2704187.0,2704187.0,413.735,0.498,2500779.0,2346529.0,2044457.0,1731656.0,1106487.0,789624.0,523932.0,260215.0,98854.0,63.66,12.7,6.7,49.5,257.443,197.41,184.3,26.5,2.3,0.6798,0.2343,62.353279,25.083418
HU,HU,Hungary,0,9772756.0,4675821.0,5096935.0,2770367.0,6999582.0,1763913.0,1763913.0,107.1,0.828,927784.0,981009.0,1191157.0,1293534.0,1576171.0,1218271.0,1312208.0,839589.0,433033.0,76.2,30.6,6.9,3.6,168.058,80.586,38.8,23.0,2.3,6.9157,3.4075,981.423035,263.947113
ID,ID,Indonesia,0,273523621.0,137717861.0,135805760.0,119115844.0,151509724.0,10638689.0,36532764.0,150.987,0.694,47956446.0,46303005.0,43571426.0,41166622.0,37846725.0,29155099.0,17531211.0,7574475.0,2418612.0,71.509,39.4,6.3,21.1,177.539,125.668,112.4,26.4,1.2,2.4149,0.4269,114.971786,39.786812
IE,IE,Ireland,0,4904240.0,2428881.0,2475359.0,1808321.0,3133123.0,1214666.0,1214666.0,70.9,0.735,668830.0,658265.0,585903.0,729757.0,725606.0,593152.0,469668.0,309235.0,163824.0,82.3,24.3,3.2,3.1,71.299,41.591,11.9,10.3,2.3,16.0996,3.3125,4976.862305,611.214233
IL,IL,Israel,0,8655541.0,4308117.0,4347424.0,678907.0,8374393.0,4096963.0,5237807.0,399.979,0.903,1671096.0,1405063.0,1196975.0,1122245.0,1040177.0,795496.0,703643.0,459660.0,261186.0,82.802439,25.2,9.7,3.0,70.873,39.638,15.4,9.6,2.3,5.7002,4.6249,3144.626221,699.707214
IM,IM,Isle of Man,0,85032.0,47027.0,46709.0,39979.0,44605.0,2159137.0,3137690.0,149.179,0.735,10146.0,10137.0,10876.0,10570.0,12225.0,14013.0,11359.0,8980.0,5428.0,77.96585,21.8,6.9,14.0,177.539,95.579,68.6,18.8,2.3,3.06705,1.5765500000000001,335.9494475,92.7579195
IN,IN,India,0,1380004385.0,717100970.0,662903415.0,895386226.0,471031528.0,29399141.0,214179435.0,464.149,0.64,234861634.0,252201518.0,239902073.0,215636276.0,169660174.0,128132230.0,87150811.0,39175398.0,13284271.0,69.416,11.5,10.4,29.9,203.623,147.161,184.3,23.3,2.3,1.7271,0.8571,69.293098,43.239937
IQ,IQ,Iraq,0,40222503.0,20357778.0,19864725.0,11526415.0,27783368.0,6974439.0,9877181.0,92.61,0.685,10610230.0,8710757.0,7165590.0,5403683.0,3936620.0,2341152.0,1292393.0,573718.0,188360.0,70.454,21.8,8.8,22.5,185.811,129.1,75.1,21.3,2.3,2.0448,0.7079,210.313705,122.072998
IR,IR,Iran,0,83992953.0,42408406.0,41584547.0,20404283.0,62509623.0,9013663.0,21550514.0,51.575,0.798,14565856.0,11747928.0,12342907.0,16739446.0,11655616.0,8295331.0,5396905.0,2354607.0,894357.0,76.479,11.0,9.6,12.4,83.386,49.574,50.9,14.8,2.3,2.6286,1.5844,475.47995,198.544067
IS,IS,Iceland,0,356991.0,182837.0,174154.0,22203.0,339110.0,2159137.0,3137690.0,3.5,0.899,44848.0,44914.0,55484.0,51650.0,45597.0,43927.0,36377.0,21716.0,12478.0,82.9,14.7,5.8,1.5,65.669,38.181,8.7,9.1,2.3,16.2132,4.0778,6086.311523,1003.047241
IT,IT,Italy,0,60359546.0,29384766.0,30974780.0,17645430.0,42651966.0,4234019.0,11351117.0,202.9,0.873,5090482.0,5768874.0,6201270.0,7074218.0,9242654.0,9352231.0,7337210.0,5962533.0,4330074.0,83.4,23.7,5.0,2.6,177.539,95.579,15.0,9.5,2.3,5.7401,3.9774,2840.130615,667.027588
JM,JM,Jamaica,0,2961161.0,1469641.0,1491520.0,1297685.0,1650594.0,589849.0,3137690.0,273.422,0.732,464789.0,466600.0,515496.0,443383.0,357430.0,320533.0,214541.0,119521.0,58868.0,74.368,16.8,11.3,12.4,175.464,104.39,25.4,14.7,2.3,0.8068,1.3061,307.196045,52.928936
JO,JO,Jordan,0,10203140.0,5165979.0,5037161.0,888646.0,9213048.0,2108509.0,2108509.0,114.926,0.735,2212563.0,2179853.0,1802536.0,1490608.0,1141345.0,755591.0,366278.0,190751.0,63615.0,74.405,21.8,12.7,13.9,123.898,89.001,51.2,19.2,1.4,2.8212,2.3237,340.661804,103.654625
JP,JP,Japan,0,126476458.0,61753045.0,64723413.0,10482515.0,115782416.0,37435191.0,81716514.0,346.934,0.919,10179969.0,11267171.0,12147325.0,14455416.0,18473075.0,16541515.0,15875235.0,16185375.0,11351377.0,84.210976,22.1,5.6,1.8,66.483,35.709,11.9,8.4,2.3,12.1531,2.4115,4168.986328,535.619568
KE,KE,Kenya,0,53771300.0,26718527.0,27052773.0,38112450.0,14461523.0,4556381.0,5810192.0,94.478,0.548,14013910.0,12746879.0,9594274.0,7470146.0,4903045.0,2805603.0,1518826.0,574339.0,144278.0,66.342,10.7,3.1,30.6,264.72,194.507,78.1,13.4,2.3,1.1656,0.1565,76.610321,18.419661
KG,KG,Kyrgyzstan,0,6524191.0,3227270.0,3296921.0,4094256.0,2362644.0,1017166.0,3137690.0,34.016,0.672,1529450.0,1100701.0,1082940.0,1014705.0,686435.0,581435.0,363824.0,111214.0,53487.0,71.4,26.5,6.1,16.9,210.663,94.014,110.7,24.9,2.3,3.06705,1.5765500000000001,78.822838,44.43766
KH,KH,Cambodia,0,16718971.0,8162424.0,8556547.0,12561921.0,3924621.0,2014015.0,2014015.0,94.714,0.582,3530587.0,3100069.0,3117605.0,2889268.0,1429087.0,1387484.0,816776.0,352445.0,95650.0,69.57,17.2,6.4,24.0,199.971,132.376,149.8,21.1,0.8,0.6855,1.5765500000000001,82.075867,49.603271
KI,KI,Kiribati,0,119446.0,58744.0,60702.0,53117.0,64489.0,2159137.0,3137690.0,147.464,0.612,29463.0,23632.0,20524.0,16604.0,11173.0,9988.0,5141.0,2330.0,591.0,68.116,47.0,22.5,41.2,235.02,153.038,140.2,28.4,1.9,3.8342,1.5765500000000001,171.41748,0.192364
KM,KM,Comoros,0,869595.0,438653.0,430942.0,602734.0,248152.0,2159137.0,3137690.0,467.273,0.503,237638.0,191268.0,150845.0,117377.0,77036.0,50892.0,29656.0,11659.0,3224.0,64.118,14.0,12.3,51.3,245.527,194.435,172.4,22.9,2.3,0.6285,0.2715,58.760929,43.863342
KN,KN,Saint Kitts and Nevis,0,53192.0,30289.0,30759.0,36554.0,16269.0,2159137.0,3137690.0,204.585,0.778,8554.0,8458.0,5438.0,9689.0,9470.0,9136.0,6486.0,2500.0,1316.0,71.33659,21.8,13.3,9.8,177.539,95.579,68.6,18.8,2.3,4.2188,2.6758,902.658997,431.199463
KP,KP,North Korea,0,25778815.0,12608379.0,13170436.0,9718749.0,15947412.0,3060864.0,3060864.0,214.092,0.735,3430371.0,3561229.0,3925716.0,3641894.0,3714316.0,3622786.0,2134683.0,1303959.0,443861.0,72.095,21.8,6.4,13.7,161.971,95.764,207.2,25.6,2.3,4.4489,3.6834,335.9494475,92.7579195
KR,KR,South Korea,0,51269183.0,25665854.0,25603329.0,9602379.0,42106719.0,9962393.0,25963874.0,527.298,0.903,4153813.0,4753258.0,6716294.0,7079839.0,8218844.0,8476699.0,6453706.0,3560646.0,1856084.0,82.626829,23.3,6.9,2.7,79.266,32.342,20.5,7.8,11.5,7.3009,2.3608,2283.074707,768.689453
KW,KW,Kuwait,0,4270563.0,2614446.0,1656117.0,0.0,4207083.0,3052493.0,3052493.0,239.65,0.803,608326.0,533226.0,444882.0,878556.0,965369.0,561299.0,220263.0,48550.0,10092.0,75.398,22.5,12.2,6.7,69.179,41.12,103.8,17.4,2.3,7.4145,2.6463,1529.077637,192.897873
KY,KY,Cayman Islands,0,65720.0,37180.0,39213.0,0.0,64948.0,2159137.0,3137690.0,273.833,0.735,9182.0,8787.0,9727.0,10004.0,10819.0,11693.0,9471.0,4638.0,2072.0,82.19024,21.8,6.8,14.0,177.539,95.579,68.6,18.8,2.3,3.06705,1.5765500000000001,335.9494475,92.7579195
KZ,KZ,Kazakhstan,0,18776707.0,9112939.0,9663768.0,7861015.0,10652915.0,1862809.0,2980430.0,6.955,0.8,3868010.0,2720923.0,2573192.0,2993495.0,2286421.0,2039441.0,1438909.0,552505.0,303811.0,73.15,24.0,6.1,8.8,220.812,94.435,62.7,26.8,2.3,7.2936,1.5765500000000001,279.645325,92.700966
LA,LA,Laos,0,7275556.0,3651794.0,3623762.0,4613903.0,2555552.0,673061.0,3137690.0,31.523,0.601,1566742.0,1466251.0,1362625.0,1086529.0,772684.0,526577.0,317971.0,136164.0,40013.0,67.61,28.9,6.4,37.6,205.59,156.747,188.5,27.0,2.3,0.9522,0.3726,62.124634,28.691248
LB,LB,Lebanon,0,6825442.0,3435746.0,3389696.0,770719.0,6084994.0,2406875.0,2406875.0,667.199,0.757,1152157.0,1134997.0,1176574.0,1009646.0,862743.0,724778.0,447767.0,211573.0,105207.0,78.875,33.8,11.2,6.4,76.205,53.338,51.4,17.9,2.3,1.6735,2.1038,719.443481,238.990112
LC,LC,Saint Lucia,0,183629.0,90422.0,93207.0,148510.0,34280.0,2159137.0,3137690.0,301.031,0.747,21812.0,24335.0,32816.0,28447.0,25517.0,23375.0,14555.0,8357.0,4415.0,76.057,21.8,11.6,14.9,174.722,97.187,30.0,18.8,2.3,3.1547,0.6409,460.068817,205.89505
LI,LI,Liechtenstein,0,38378.0,19025.0,19353.0,32555.0,5464.0,2159137.0,3137690.0,242.1,0.908,3737.0,3891.0,4539.0,4888.0,5571.0,6339.0,4694.0,3263.0,1456.0,83.1,21.8,9.4,14.0,177.539,95.579,68.6,18.8,2.3,3.06705,1.5765500000000001,335.9494475,92.7579195
LK,LK,Sri Lanka,0,21413250.0,10267351.0,11145899.0,17750912.0,4052088.0,606158.0,3137690.0,341.465,0.77,3350035.0,3386220.0,2901857.0,2820021.0,2881105.0,2554818.0,2013196.0,1146337.0,359661.0,76.812,13.0,10.7,6.4,151.16,56.065,79.8,17.4,2.3,2.1803,1.0041,159.484741,79.356094
LR,LR,Liberia,0,5057677.0,2542539.0,2515138.0,2388948.0,2548426.0,1467026.0,1467026.0,52.509,0.435,1418816.0,1175025.0,840853.0,629808.0,444196.0,283828.0,168470.0,76455.0,20226.0,63.73,9.8,2.4,53.5,247.482,207.08,170.2,17.6,2.3,0.5321,0.0376,56.59903,25.756157
LS,LS,Lesotho,0,2142252.0,1056950.0,1085302.0,1517760.0,607508.0,2159137.0,3137690.0,70.562,0.52,478748.0,428821.0,395192.0,327281.0,210251.0,140771.0,96813.0,48309.0,16066.0,53.705,26.7,4.5,65.7,545.675,419.363,177.6,26.6,2.3,3.2567,1.5765500000000001,104.552795,17.400345
LT,LT,Lithuania,0,2794184.0,1295591.0,1498593.0,895831.0,1891013.0,537563.0,3137690.0,44.7,0.839,292389.0,266287.0,345322.0,350470.0,374254.0,425044.0,343396.0,235483.0,161539.0,76.0,28.8,3.8,3.3,212.885,78.821,34.0,20.7,2.3,9.8472,6.3528,1078.179199,347.969543
LU,LU,Luxembourg,0,613894.0,308720.0,305174.0,54408.0,565488.0,2159137.0,3137690.0,235.1,0.916,65947.0,65866.0,84163.0,95974.0,92360.0,87825.0,60143.0,37334.0,24282.0,82.3,23.5,5.0,1.9,66.343,41.193,11.6,10.0,4.8,12.1744,3.009,5782.628418,618.136414
LV,LV,Latvia,0,1919968.0,884909.0,1035059.0,607846.0,1304943.0,633820.0,3137690.0,30.4,0.819,204389.0,189618.0,210869.0,266944.0,258763.0,270667.0,240208.0,170997.0,107513.0,75.1,37.0,5.0,3.3,228.584,85.367,41.3,21.9,2.3,4.7517,3.1905,930.352356,390.632446
LY,LY,Libya,0,6871287.0,3468737.0,3402550.0,1328855.0,5448597.0,1160918.0,1160918.0,3.905,0.706,1285421.0,1185744.0,1095416.0,1163468.0,1049200.0,617154.0,284259.0,138926.0,51699.0,72.724,21.8,10.2,10.2,179.566,99.334,71.9,20.1,2.3,6.5305,2.0905,335.9494475,92.7579195
MA,MA,Morocco,0,36910558.0,18316887.0,18593671.0,13496743.0,22975026.0,3716093.0,7941338.0,82.703,0.667,6752615.0,6097196.0,5883278.0,5606356.0,4452432.0,3743784.0,2735019.0,1197078.0,442800.0,76.453,23.4,7.0,19.2,72.327,62.159,49.1,12.4,2.3,1.3887,0.7308,161.010864,86.843163
MC,MC,Monaco,0,39244.0,11648.0,12406.0,0.0,38964.0,2159137.0,3137690.0,26338.255,0.735,1599.0,2211.0,2292.0,2094.0,2662.0,3531.0,3488.0,3275.0,2903.0,74.131,21.8,2.9,2.6,177.539,95.579,68.6,18.8,2.3,3.06705,1.5765500000000001,2932.421875,201.980484
MD,MD,Moldova,0,4033963.0,1931953.0,2102010.0,1522135.0,1135502.0,504342.0,3137690.0,122.799,0.693,424058.0,419286.0,570833.0,773876.0,562808.0,521015.0,488289.0,184989.0,88809.0,71.808,24.2,5.7,13.6,237.424,95.579,78.3,24.9,2.3,4.9235,3.2066,191.185776,83.424835
ME,ME,Montenegro,0,622182.0,307712.0,314470.0,204372.0,417765.0,2159137.0,3137690.0,45.7,0.802,74464.0,77613.0,79498.0,90519.0,82794.0,82291.0,75972.0,38778.0,20253.0,76.9,45.9,9.0,2.3,125.094,65.97,78.6,20.6,2.3,5.2294,2.7557,335.9494475,92.7579195
MG,MG,Madagascar,0,27691019.0,13814619.0,13876400.0,16758458.0,10210849.0,3210386.0,3210386.0,47.596,0.519,7762937.0,6342928.0,4898736.0,3370908.0,2387858.0,1539765.0,915208.0,359863.0,112816.0,66.681,21.8,4.5,38.2,232.545,181.739,159.6,22.9,2.3,0.146,1.5765500000000001,24.670837,6.090098
MH,MH,Marshall Islands,0,59194.0,28373.0,27502.0,13277.0,45514.0,2159137.0,3137690.0,328.856,0.708,12296.0,11723.0,8779.0,9206.0,5768.0,3943.0,2748.0,1112.0,301.0,65.23902,21.8,30.5,27.4,177.539,95.579,68.6,18.8,2.3,3.339,1.5765500000000001,642.199158,79.719673
MK,MK,Macedonia,0,2077132.0,1040200.0,1036932.0,870719.0,1212740.0,589751.0,3137690.0,83.4,0.735,227724.0,231901.0,292309.0,325743.0,297514.0,281928.0,235923.0,131705.0,52206.0,76.7,21.8,9.3,8.7,119.81,63.418,82.2,20.3,2.3,3.7917,2.8736,328.4198,104.784355
ML,ML,Mali,0,20250834.0,10145174.0,10105660.0,11178343.0,8479688.0,2529328.0,2529328.0,16.596,0.427,6760319.0,5009462.0,3203818.0,2160455.0,1485961.0,849119.0,501291.0,231083.0,49326.0,58.893,12.3,2.4,62.0,263.613,244.756,209.1,24.6,2.3,0.3585,0.1286,31.378105,11.017797
MM,MM,Myanmar,0,54409794.0,26220190.0,28189604.0,37371327.0,16674093.0,5243989.0,6649810.0,83.286,0.578,9021261.0,9916644.0,9163081.0,8072999.0,7219970.0,5573219.0,3603964.0,1423030.0,415626.0,66.867,20.3,3.9,36.8,247.696,149.971,156.4,24.2,2.3,0.9993,0.677,58.043957,44.247471
MN,MN,Mongolia,0,3278292.0,1615039.0,1663253.0,1014541.0,2210626.0,1552654.0,1552654.0,2.11,0.741,737475.0,500443.0,500016.0,564280.0,423046.0,314052.0,158362.0,59889.0,20729.0,69.689,25.6,4.7,14.0,288.357,123.173,155.9,30.2,2.3,3.8938,2.8592,148.784454,47.837875
MO,MO,Macau,0,649342.0,312100.0,337242.0,0.0,640445.0,642090.0,3137690.0,21717.124,0.735,68817.0,46834.0,88332.0,129802.0,93402.0,99615.0,78994.0,29881.0,13665.0,84.118,21.8,4.3,14.0,58.271,24.487,68.6,18.8,2.3,3.06705,1.5765500000000001,335.9494475,92.7579195
MR,MR,Mauritania,0,4649660.0,2334981.0,2314679.0,2058875.0,2466821.0,1258973.0,1258973.0,4.511,0.52,1307828.0,1007555.0,787902.0,619779.0,422632.0,267150.0,151073.0,67186.0,18555.0,64.704,21.8,7.1,51.5,218.359,176.149,169.5,18.1,2.3,0.9252,0.1865,48.817131,24.186684
MT,MT,Malta,0,493559.0,251836.0,241723.0,26751.0,475902.0,2159137.0,3137690.0,1548.3,0.839,46307.0,43517.0,75568.0,81203.0,65167.0,58962.0,59304.0,42685.0,20846.0,82.5,25.5,8.3,6.1,63.699,35.056,20.2,10.8,2.3,9.4833,2.8598,2585.563965,898.581482
MU,MU,Mauritius,0,1271767.0,627480.0,644287.0,749731.0,515980.0,2159137.0,3137690.0,626.486,0.79,132886.0,175164.0,196809.0,175108.0,182090.0,175349.0,137990.0,69213.0,27158.0,74.416341,21.6,22.0,13.6,188.405,93.506,38.3,22.6,2.3,3.5152,2.5331,599.699768,293.04718
MV,MV,Maldives,0,540542.0,342928.0,197614.0,317308.0,213645.0,2159137.0,3137690.0,1801.807,0.717,72821.0,59438.0,139684.0,137607.0,64649.0,35316.0,18164.0,8466.0,4397.0,78.627,28.3,9.2,7.4,67.456,42.149,25.6,13.4,2.3,6.4282,4.5627,1006.938782,207.902649
MW,MW,Malawi,0,19129955.0,9434037.0,9695918.0,15429446.0,3199301.0,1074695.0,1074695.0,202.906,0.477,5662519.0,4738053.0,3377518.0,2286023.0,1436741.0,846148.0,480248.0,244242.0,58463.0,63.798,14.5,4.5,35.3,325.106,212.388,115.0,16.4,2.3,0.4386,0.0358,32.259384,3.416394
MX,MX,Mexico,0,110991953.0,54855231.0,57481307.0,24948670.0,102626859.0,21671908.0,52010061.0,66.325,0.756,21575859.0,21966049.0,18680448.0,16763785.0,12937956.0,8959656.0,5433731.0,3119417.0,1502231.0,74.992,14.0,13.5,11.0,184.379,95.815,36.7,15.7,1.5,2.3961,2.3827,494.677643,204.219147
MY,MY,Malaysia,0,32655400.0,16771000.0,15884400.0,7474011.0,24475766.0,7780301.0,7780301.0,98.512,0.802,5035800.0,5249500.0,6283800.0,5474500.0,3841900.0,3121600.0,2180400.0,1070700.0,397000.0,75.997,21.5,16.7,6.7,160.383,84.296,47.4,17.2,1.9,3.4676,1.5358,384.066071,145.74231
MZ,MZ,Mozambique,0,31255435.0,15188235.0,16067200.0,19273930.0,11092106.0,1668740.0,2773054.0,39.746,0.437,9717782.0,7595458.0,5294495.0,3588739.0,2289288.0,1400167.0,843662.0,420845.0,104999.0,60.163,16.6,3.3,54.0,389.521,268.188,110.0,18.4,2.3,0.6847,0.0838,21.071156,1.558282
,,Namibia,0,2540916.0,1231683.0,1309233.0,1221272.0,1273258.0,417380.0,3137690.0,3.086,0.647,654526.0,526434.0,472709.0,356847.0,237557.0,150334.0,87461.0,41131.0,13917.0,63.373,21.4,4.5,29.0,349.317,248.938,145.0,21.3,2.3,1.954,0.4182,447.28064,34.593563
NC,NC,New Caledonia,0,285491.0,143498.0,141993.0,83163.0,204637.0,2159137.0,3137690.0,15.618,0.735,41314.0,43203.0,43192.0,41491.0,40823.0,34951.0,22795.0,13303.0,4419.0,77.14878,21.8,21.8,14.0,98.003,56.743,68.6,18.8,2.3,3.06705,1.5765500000000001,335.9494475,92.7579195
NE,NE,Niger,0,24206636.0,12170165.0,12036471.0,19460484.0,3850231.0,1251511.0,1251511.0,19.11,0.354,8758026.0,5901125.0,3717357.0,2259015.0,1528694.0,1046850.0,644749.0,295959.0,54861.0,62.024,7.7,2.4,48.0,251.729,222.743,251.8,20.0,0.3,0.2695,0.0433,29.26165,13.995413
NG,NG,Nigeria,0,206139587.0,104469637.0,101669950.0,98156651.0,102806948.0,13903620.0,33486829.0,226.336,0.532,63852441.0,47703190.0,33177419.0,24368050.0,17037461.0,10700171.0,6258526.0,2623703.0,418626.0,54.332,5.8,3.1,75.7,364.321,324.961,307.4,22.5,2.3,1.1792,0.3806,73.92498,57.088425
NI,NI,Nicaragua,0,6624554.0,3264849.0,3359705.0,2699365.0,3846137.0,1055472.0,1055472.0,55.049,0.631,1317146.0,1240161.0,1166000.0,1055452.0,763037.0,507320.0,348752.0,150502.0,76184.0,74.275,21.8,11.4,15.7,200.678,102.575,55.7,14.2,2.3,1.5334,0.9775,192.083389,62.617363
NL,NL,Netherlands,0,17282163.0,8581086.0,8701077.0,1408121.0,15924729.0,1140339.0,2149006.0,504.0,0.931,1783504.0,2008334.0,2201788.0,2108199.0,2261107.0,2508388.0,2089913.0,1522110.0,798820.0,81.9,25.8,5.4,3.3,65.56,51.048,13.7,11.2,2.3,11.1839,3.6054,4911.44043,544.528137
NO,NO,Norway,0,5328212.0,2685073.0,2643139.0,929678.0,4418218.0,1026758.0,1026758.0,17.2,0.957,614916.0,640541.0,712419.0,717369.0,728639.0,691744.0,576747.0,419838.0,225999.0,82.8,20.2,5.3,2.1,62.494,38.861,8.6,9.2,2.3,18.2248,2.9164,7936.375,1125.162598
NP,NP,Nepal,0,29136808.0,13348435.0,15788373.0,22843197.0,5765513.0,1376108.0,1376108.0,203.256,0.574,5462983.0,6120130.0,5886374.0,3792742.0,3045653.0,2307700.0,1488078.0,811535.0,221613.0,70.478,22.8,7.2,26.7,167.316,129.611,193.8,21.8,2.3,3.1084,0.7486,47.915363,27.694386
NR,NR,Nauru,0,10834.0,4785.0,5460.0,0.0,12581.0,2159137.0,3137690.0,541.7,0.735,2210.0,1830.0,1547.0,1941.0,1191.0,885.0,499.0,118.0,22.0,74.131,40.0,12.0,26.4,177.539,95.579,68.6,18.8,2.3,7.6636,1.3462,1106.750977,10.232119
NZ,NZ,New Zealand,0,4822233.0,2370163.0,2452070.0,658140.0,4258860.0,1582028.0,1582028.0,18.314,0.917,615284.0,624953.0,671235.0,619066.0,591874.0,628691.0,522312.0,361832.0,186986.0,81.858537,16.0,6.2,4.7,177.539,95.579,7.2,10.1,2.3,12.4482,3.5898,3937.221924,534.55957
OM,OM,Oman,0,5106622.0,3370230.0,1736392.0,724209.0,4250777.0,1501635.0,1501635.0,16.5,0.821,832573.0,530304.0,1085543.0,1439820.0,684969.0,315600.0,142787.0,53058.0,21968.0,77.633,11.1,10.1,9.8,101.388,63.183,53.9,17.8,2.3,4.1965,2.0031,587.646301,39.328762
PA,PA,Panama,0,4314768.0,2159880.0,2154888.0,1356355.0,2890084.0,1821693.0,1821693.0,58.041,0.78,773779.0,726609.0,678255.0,618595.0,556395.0,432979.0,282632.0,157808.0,87716.0,78.329,6.1,7.7,13.1,148.159,76.653,25.8,13.0,2.3,3.0741,1.5687,1112.303223,370.064026
PE,PE,Peru,0,29381884.0,14450757.0,14931127.0,7120114.0,25390339.0,10554712.0,10554712.0,25.759,0.75,5140624.0,5035905.0,4895056.0,4379777.0,3660378.0,2772568.0,1846407.0,1078066.0,573103.0,76.516,4.8,6.6,11.1,146.37,84.815,63.9,12.6,2.3,2.4398,1.3048,332.570923,93.745949
PF,PF,French Polynesia,0,280904.0,142261.0,138643.0,106417.0,172870.0,2159137.0,3137690.0,76.75,0.735,39634.0,44134.0,40380.0,43367.0,39588.0,35649.0,23042.0,10823.0,4287.0,77.462,21.8,19.5,14.0,112.857,66.154,68.6,18.8,2.3,3.06705,1.5765500000000001,335.9494475,92.7579195
PG,PG,Papua New Guinea,0,8947027.0,4568072.0,4378955.0,7613275.0,1162834.0,374517.0,3137690.0,19.757,0.555,2150348.0,1917883.0,1554184.0,1220537.0,938384.0,629119.0,372086.0,136655.0,27831.0,64.263,36.3,17.9,38.0,251.144,187.7,152.0,30.0,2.3,0.4548,0.0699,61.45784,5.530311
PH,PH,Philippines,0,100979303.0,51069962.0,49909341.0,57140712.0,50975903.0,13698889.0,15483831.0,367.512,0.699,21661851.0,20685127.0,17827941.0,14084581.0,11133653.0,8037381.0,4677308.0,2079178.0,792283.0,71.095,24.3,7.1,22.5,235.071,130.91,185.2,26.8,2.3,4.9351,0.6004,132.900986,70.49836
PK,PK,Pakistan,0,220892331.0,113672007.0,107220324.0,136637556.0,79927762.0,15741406.0,43765501.0,286.546,0.562,53462232.0,45427436.0,39930362.0,30816023.0,21248747.0,15122613.0,8902414.0,4558929.0,1423575.0,67.114,20.1,19.9,57.2,172.896,137.509,173.6,24.7,2.3,0.6683,0.9801,44.592964,26.861408
PL,PL,Poland,0,37972812.0,18380376.0,19592436.0,15174300.0,22796574.0,1775933.0,1775933.0,123.6,0.843,3911198.0,3732338.0,4691826.0,6081901.0,5375618.0,4720992.0,5153192.0,2645371.0,1660376.0,77.7,28.0,6.1,3.8,160.653,61.842,37.9,18.7,2.3,6.8926,2.3788,906.820129,209.020157
PR,PR,Puerto Rico,0,2860840.0,1355518.0,1505322.0,205163.0,2988531.0,2451375.0,2451375.0,322.53,0.735,240324.0,394666.0,288753.0,331517.0,399244.0,414184.0,361025.0,273681.0,157446.0,79.778195,21.8,13.7,14.0,146.208,63.033,68.6,18.8,2.3,3.06705,1.5765500000000001,335.9494475,92.7579195
PS,PS,Palestine,0,5101416.0,2586971.0,2514445.0,1103858.0,3581448.0,693323.0,3137690.0,847.411,0.735,1364528.0,1109493.0,965725.0,664296.0,448140.0,297318.0,151853.0,77835.0,22228.0,73.895,21.8,9.5,17.3,126.513,92.308,68.6,18.8,2.3,3.06705,1.5765500000000001,335.9494475,92.7579195
PT,PT,Portugal,0,10276617.0,4852366.0,5424251.0,3515838.0,6753579.0,2942097.0,4251902.0,113.0,0.83,897215.0,1063095.0,1086035.0,1261879.0,1576493.0,1478921.0,1286927.0,964596.0,661456.0,81.5,22.7,9.8,3.1,103.994,42.442,9.8,11.1,2.3,6.9746,5.124,1908.033936,525.321472
PW,PW,Palau,0,18092.0,14679.0,13759.0,3517.0,14491.0,2159137.0,3137690.0,39.33,0.798,3217.0,4437.0,4722.0,4286.0,3960.0,3859.0,2245.0,1046.0,665.0,69.12927,15.6,17.9,16.6,177.539,95.579,68.6,18.8,2.3,7.2626,1.5765500000000001,1596.362915,246.750183
PY,PY,Paraguay,0,7132530.0,3624360.0,3508170.0,2685486.0,4359150.0,3279160.0,3279160.0,17.953,0.702,1383911.0,1336278.0,1321043.0,1109126.0,727638.0,548364.0,402162.0,213725.0,90283.0,74.131,13.4,9.6,17.2,163.978,120.525,57.5,17.5,2.3,1.6604,1.3544,381.113068,168.361481
QA,QA,Qatar,0,2881060.0,2165135.0,715925.0,22996.0,2809071.0,715997.0,3137690.0,248.153,0.856,270536.0,228400.0,717371.0,846180.0,461800.0,254161.0,81796.0,16725.0,4091.0,80.1,20.6,15.6,5.8,41.498,31.873,47.4,15.3,2.3,7.2628,2.4852,1649.186157,146.821411
RO,RO,Romania,0,19414458.0,9500450.0,9914008.0,8887751.0,10468793.0,1812290.0,1812290.0,83.1,0.811,1986149.0,2092528.0,2143243.0,2718256.0,3061663.0,2475964.0,2547260.0,1482997.0,906398.0,75.3,29.7,6.9,6.1,171.82,73.319,59.3,21.4,2.3,7.3891,2.9807,555.104736,113.73011
RS,RS,Serbia,0,6963764.0,3392811.0,3570953.0,3037732.0,3907243.0,1393717.0,1393717.0,91.0,0.771,654145.0,694332.0,804338.0,958562.0,971473.0,944645.0,1021979.0,595246.0,319044.0,75.9,38.9,9.0,4.8,141.791,74.794,62.5,19.1,2.3,6.0855,3.1131,528.545166,220.680069
RU,RU,Russia,0,145934460.0,67640299.0,78294161.0,36689646.0,107683889.0,12476171.0,33674031.0,8.911,0.816,18622607.0,15256037.0,15607785.0,24468555.0,20375317.0,18897666.0,18501369.0,8549718.0,5655406.0,72.657317,39.3,6.1,6.1,177.539,95.579,49.4,25.4,2.3,8.5429,4.0139,585.87323,237.238129
RW,RW,Rwanda,0,12952209.0,6367431.0,6584778.0,10440846.0,2186104.0,1094796.0,1094796.0,525.019,0.524,3561023.0,2905795.0,2211043.0,1812554.0,1070094.0,728447.0,445154.0,174817.0,43282.0,68.7,12.3,5.1,27.0,216.342,161.59,121.4,18.2,2.3,1.2044,0.134,49.204456,3.074294
SA,SA,Saudi Arabia,0,34813867.0,20131308.0,14682559.0,5460690.0,28807838.0,7070665.0,16282472.0,16.195,0.853,5956216.0,4860281.0,5354760.0,6980363.0,6408789.0,3216572.0,1373521.0,493856.0,169509.0,74.998,15.6,15.8,6.0,91.872,76.148,83.7,16.4,2.3,5.4763,2.6117,1093.405518,184.345856
SB,SB,Solomon Islands,0,686878.0,349262.0,337616.0,507659.0,162164.0,2159137.0,3137690.0,24.54,0.546,196170.0,148825.0,111830.0,82050.0,68670.0,40695.0,22978.0,11993.0,3667.0,72.835,21.8,19.0,17.1,162.895,124.818,137.0,23.8,2.3,2.1642,0.1937,101.239868,5.466105
SC,SC,Seychelles,0,98340.0,50439.0,47901.0,41863.0,55762.0,2159137.0,3137690.0,213.783,0.797,15933.0,13866.0,13431.0,14486.0,14873.0,12977.0,7909.0,3205.0,1660.0,72.841463,21.5,12.3,12.4,201.609,97.723,49.3,21.2,2.3,8.0773,2.1212,791.656677,194.742996
SD,SD,Sudan,0,43849269.0,21907295.0,21941974.0,27856005.0,14957233.0,5677921.0,5677921.0,24.843,0.502,12128806.0,10123657.0,7627158.0,5203245.0,3727319.0,2552951.0,1535960.0,733051.0,217122.0,65.095,21.8,22.1,42.1,244.878,187.141,184.9,26.0,2.3,0.6952,0.2618,193.793045,140.460556
SE,SE,Sweden,0,10230185.0,5142438.0,5087747.0,1264288.0,9021165.0,1608037.0,1608037.0,25.0,0.907,1223971.0,1155271.0,1338915.0,1330260.0,1294175.0,1286816.0,1114377.0,964267.0,522133.0,82.6,18.8,4.8,2.2,62.062,38.431,7.2,9.1,2.3,11.8164,3.984,5904.583984,887.612732
SG,SG,Singapore,0,5850343.0,3062257.0,2788086.0,0.0,5703569.0,5868104.0,5868104.0,8357.633,0.932,479037.0,505794.0,833058.0,896615.0,964873.0,946222.0,799325.0,289634.0,135785.0,83.146341,16.5,5.5,2.3,59.839,34.939,25.9,9.3,2.4,6.2432,2.2936,2618.712402,841.2677
SI,SI,Slovenia,0,2080908.0,1038656.0,1042252.0,943292.0,1144654.0,2159137.0,3137690.0,102.9,0.88,213023.0,193538.0,216620.0,291897.0,303686.0,303649.0,276481.0,170981.0,111033.0,81.5,22.5,5.9,1.7,90.934,45.488,22.6,12.7,2.3,9.9745,3.0861,1920.28186,236.735565
SK,SK,Slovakia,0,5450421.0,2661077.0,2789344.0,2523654.0,2930419.0,432508.0,3137690.0,111.8,0.844,584354.0,538465.0,682622.0,862769.0,834209.0,708297.0,685186.0,375006.0,179513.0,77.4,30.1,6.5,4.6,144.821,64.214,33.5,17.2,5.8,6.0671,3.4156,1186.136353,221.963882
SL,SL,Sierra Leone,0,7976985.0,3981239.0,3995746.0,4493849.0,3319366.0,1168424.0,1168424.0,110.515,0.419,2225885.0,1867196.0,1405514.0,1017050.0,672894.0,419133.0,234025.0,108809.0,26479.0,54.309,24.8,2.4,78.5,392.263,353.346,324.1,30.5,2.3,0.2239,1.5765500000000001,66.402184,33.475037
SM,SM,San Marino,0,33938.0,15936.0,17019.0,891.0,32969.0,2159137.0,3137690.0,565.633,0.735,3098.0,3625.0,3766.0,3664.0,4693.0,5377.0,3802.0,2811.0,2121.0,85.41707,21.8,5.9,1.7,177.539,95.579,68.6,18.8,2.3,3.06705,1.5765500000000001,3361.644775,582.70752
SN,SN,Senegal,0,16743930.0,8170785.0,8573145.0,8530658.0,7765706.0,3057065.0,3057065.0,86.968,0.505,5032581.0,3863702.0,2823534.0,2051292.0,1331828.0,834700.0,505764.0,239182.0,61347.0,67.665,8.2,2.4,31.8,216.045,144.704,160.7,18.1,2.3,0.3127,0.0691,55.014038,28.827259
SO,SO,Somalia,0,15893219.0,7924087.0,7969132.0,8408044.0,7034861.0,2179855.0,2179855.0,25.334,0.735,5215364.0,3937590.0,2693876.0,1534404.0,1053894.0,733972.0,462790.0,210107.0,51222.0,57.068,21.8,5.1,76.6,324.793,269.466,212.8,21.8,2.3,3.06705,1.5765500000000001,335.9494475,92.7579195
SR,SR,Suriname,0,586634.0,294822.0,291812.0,197114.0,384258.0,2159137.0,3137690.0,3.76,0.72,104831.0,102231.0,95772.0,82786.0,72724.0,64828.0,36928.0,18685.0,7849.0,71.57,25.0,12.5,16.9,219.754,118.443,56.7,21.7,2.3,2.7569,1.2101,339.327972,89.513321
SS,SS,South Sudan,0,11193729.0,5603014.0,5590715.0,8860863.0,2201250.0,385765.0,3137690.0,18.322,0.388,3245682.0,2581901.0,1962952.0,1334153.0,896837.0,595525.0,344937.0,182626.0,49116.0,57.604,21.8,10.2,63.7,350.689,300.898,165.1,19.8,2.3,3.06705,1.5765500000000001,22.888573,4.392962
ST,ST,São Tomé and Príncipe,0,219161.0,109675.0,109486.0,56779.0,158277.0,2159137.0,3137690.0,228.293,0.589,62411.0,54109.0,33625.0,26631.0,18680.0,12780.0,7082.0,2764.0,1079.0,70.17,21.8,2.4,24.4,188.249,124.395,162.4,18.5,2.3,1.9242,0.0531,119.695656,16.489943
SV,SV,El Salvador,0,6486201.0,3036424.0,3449777.0,1758851.0,4694702.0,1105662.0,1105662.0,313.041,0.7,1146823.0,1165823.0,1215814.0,882442.0,725142.0,568071.0,406296.0,248391.0,127399.0,73.096,9.9,8.8,11.8,268.447,103.299,41.9,14.0,2.3,1.8344,1.5662,282.491028,82.477356
SX,SX,Sint Maarten,0,42882.0,15212.0,15660.0,0.0,40733.0,2159137.0,3137690.0,1261.235,0.735,3956.0,3769.0,4453.0,3269.0,3883.0,5744.0,3972.0,1495.0,330.0,78.292683,21.8,6.8,14.0,177.539,95.579,68.6,18.8,2.3,3.06705,1.5765500000000001,335.9494475,92.7579195
SY,SY,Syria,0,17500657.0,8760065.0,8740592.0,7712116.0,9358019.0,2353637.0,5502085.0,95.304,0.536,3635903.0,3325125.0,3099983.0,2907193.0,1928901.0,1285346.0,822365.0,355547.0,140294.0,71.779,21.8,13.5,14.0,237.292,73.258,75.2,21.8,2.3,1.5406,1.2874,335.9494475,92.7579195
SZ,SZ,Swaziland,0,1160164.0,570236.0,589928.0,872797.0,275333.0,2159137.0,3137690.0,67.451,0.588,286620.0,277018.0,212887.0,161329.0,104399.0,51717.0,36522.0,22585.0,7087.0,59.401,9.0,4.5,43.0,479.936,309.883,137.0,26.7,2.3,4.1415,0.3285,224.736771,23.59005
TD,TD,Chad,0,16425859.0,8200170.0,8225689.0,12234603.0,3712273.0,1371524.0,1371524.0,13.045,0.404,5452549.0,4038728.0,2781017.0,1769646.0,1082831.0,654647.0,417349.0,180661.0,48431.0,53.977,21.8,6.0,71.4,377.607,335.378,280.1,23.9,2.3,0.2322,0.0434,29.730864,17.250788
TG,TG,Togo,0,8278736.0,4119404.0,4159332.0,4667728.0,3414638.0,1785310.0,1785310.0,152.211,0.503,2340181.0,1914996.0,1375261.0,1064557.0,744517.0,450714.0,255937.0,111493.0,21081.0,60.76,7.4,2.4,47.4,277.736,244.396,249.6,23.6,2.3,0.4102,0.0774,38.048714,22.228106
TH,TH,Thailand,0,69799978.0,33966060.0,35833918.0,34330982.0,35294600.0,10350204.0,14170741.0,136.624,0.755,7439832.0,8492311.0,9630308.0,9229727.0,10914257.0,10681394.0,7624356.0,3866568.0,1921225.0,76.931,19.9,7.0,7.8,186.853,77.992,61.5,14.5,2.3,2.7593,0.805,247.03511,27.535921
TJ,TJ,Tajikistan,0,9537642.0,4805738.0,4731904.0,6775541.0,2545477.0,893826.0,3137690.0,68.145,0.65,2577610.0,1788367.0,1648522.0,1390331.0,882399.0,700890.0,387890.0,117606.0,44027.0,70.879,21.8,6.1,30.4,164.528,96.277,129.3,25.3,2.3,3.06705,1.5765500000000001,57.899853,36.565151
TL,TL,East Timor,0,1318442.0,666242.0,652200.0,892937.0,400182.0,2159137.0,3137690.0,88.665,0.625,331878.0,306716.0,244908.0,159027.0,100788.0,88473.0,50144.0,28914.0,7594.0,69.26,42.6,6.7,39.3,168.862,117.478,139.8,19.9,2.3,1.668,0.7224,83.197708,6.942779
TM,TM,Turkmenistan,0,6031187.0,2969310.0,3061877.0,2849351.0,3092738.0,828065.0,3137690.0,12.834,0.706,1332930.0,1008743.0,1009791.0,957885.0,697821.0,535459.0,334444.0,103458.0,50656.0,68.073,21.8,6.1,39.3,243.687,128.231,79.3,29.5,2.3,3.06705,1.5765500000000001,456.482666,332.127777
TN,TN,Tunisia,0,11818618.0,5860752.0,5957866.0,3595658.0,8099061.0,2327822.0,2327822.0,76.072,0.735,2017759.0,1639938.0,1725346.0,1914064.0,1572471.0,1361506.0,962594.0,424106.0,200834.0,76.505,32.7,8.5,14.6,106.668,67.321,56.1,16.1,2.3,2.5136,1.3025,250.562225,98.020348
TO,TO,Tonga,0,105697.0,52904.0,52793.0,80349.0,24145.0,2159137.0,3137690.0,146.801,0.726,24639.0,23522.0,17140.0,12183.0,10290.0,8701.0,5303.0,2791.0,1128.0,70.801,27.9,15.7,13.4,213.56,120.542,73.3,23.3,2.3,4.157,1.5765500000000001,222.015488,23.601473
TR,TR,Turkey,0,82003882.0,41139980.0,40863902.0,20331797.0,63097818.0,14967667.0,30836753.0,106.2,0.82,12843906.0,12764690.0,12823598.0,12909225.0,11156733.0,8873665.0,6058068.0,3119472.0,1454525.0,78.9,27.2,11.1,9.1,119.237,62.33,46.6,16.1,2.3,2.7107,1.8492,444.653687,77.299492
TT,TT,Trinidad and Tobago,0,1399491.0,690947.0,708544.0,653029.0,741944.0,544259.0,3137690.0,272.805,0.784,184451.0,185810.0,183002.0,242861.0,191442.0,175062.0,135893.0,73654.0,27316.0,73.38,21.8,11.0,16.4,186.336,108.616,38.6,21.3,2.3,4.0934,4.1675,1124.091675,447.134827
TV,TV,Tuvalu,0,11792.0,6057.0,6178.0,4284.0,7362.0,2159137.0,3137690.0,393.067,0.735,2536.0,2087.0,2310.0,1858.0,971.0,1178.0,862.0,323.0,111.0,74.131,21.8,22.1,20.6,177.539,95.579,68.6,18.8,2.3,4.2609,1.5765500000000001,622.176697,3.248882
TZ,TZ,Tanzania,0,59734213.0,29851108.0,29883105.0,37993578.0,20011885.0,6368272.0,7429015.0,67.435,0.538,18362316.0,14089042.0,9846249.0,7161928.0,4820727.0,2926635.0,1622800.0,741236.0,163280.0,65.015,14.8,5.7,37.6,249.798,193.172,139.0,17.9,2.3,0.5843,0.014,33.916576,8.172585
UA,UA,Ukraine,0,43733759.0,20263148.0,23470611.0,13549456.0,30835699.0,2973335.0,5415973.0,75.492,0.747,4589511.0,4383517.0,4898491.0,7208958.0,6406404.0,5906737.0,5539856.0,2983430.0,1816855.0,71.582683,28.9,6.1,7.5,177.539,95.579,70.7,24.7,2.3,3.06705,1.5765500000000001,177.40889,92.814873
UG,UG,Uganda,0,45741000.0,22546589.0,23194411.0,33485078.0,10784516.0,3137690.0,3137690.0,228.922,0.516,14855952.0,11449424.0,7872675.0,5101100.0,3133404.0,1852435.0,974325.0,411998.0,89687.0,62.973,10.0,2.5,33.8,302.371,233.267,155.7,21.9,2.3,1.2382,0.168,38.426441,15.013752
US,US,United States of America,0,331002647.0,163786016.0,167216631.0,57576495.0,270663028.0,18804722.0,152587187.0,36.185,0.92,39721484.0,42332395.0,46094075.0,44668270.0,40348397.0,42120077.0,38488170.0,24082597.0,13147182.0,78.539024,21.8,10.8,5.6,139.141,81.935,13.3,14.6,2.3,14.548,2.612,10246.13867,1126.349976
UY,UY,Uruguay,0,3473727.0,1678336.0,1795391.0,158340.0,3303394.0,1744700.0,1744700.0,19.848,0.804,473070.0,478929.0,511560.0,461146.0,455020.0,391077.0,327921.0,220266.0,154738.0,77.77,16.8,7.3,6.4,139.322,76.015,17.5,16.7,2.3,1.9412,5.0794,1591.533203,279.305054
UZ,UZ,Uzbekistan,0,33469199.0,16696918.0,16772280.0,16644921.0,16935729.0,2490334.0,2490334.0,78.677,0.71,6713724.0,5460854.0,5946987.0,5577195.0,3930500.0,3068761.0,1939628.0,572150.0,259400.0,71.573,12.6,6.5,19.1,169.704,100.911,81.1,24.5,2.3,3.06705,1.5765500000000001,98.824577,52.803318
VC,VC,Saint Vincent and the Grenadines,0,110947.0,56218.0,54729.0,52404.0,58185.0,2159137.0,3137690.0,284.479,0.723,15947.0,17428.0,17502.0,15711.0,14484.0,13590.0,9176.0,4503.0,2606.0,72.415,21.8,11.6,14.8,206.879,125.132,47.6,23.2,2.3,7.0145,1.5765500000000001,320.593292,99.984779
VE,VE,Venezuela,0,28435943.0,13984932.0,14451011.0,3353461.0,25162368.0,2935501.0,9431165.0,32.238,0.761,5094599.0,5158568.0,4130339.0,4027921.0,3564974.0,3014983.0,2042555.0,989860.0,412144.0,72.128,21.8,7.0,21.4,206.678,94.804,34.6,18.1,2.3,0.9416,1.5765500000000001,94.229378,59.353085
VG,VG,British Virgin Islands,0,30237.0,16553.0,18223.0,15581.0,14449.0,2159137.0,3137690.0,201.58,0.735,3946.0,3818.0,5242.0,5991.0,5357.0,4985.0,3310.0,1570.0,556.0,74.131,21.8,14.2,14.0,177.539,95.579,68.6,18.8,2.3,3.06705,1.5765500000000001,335.9494475,92.7579195
VI,VI,United States Virgin Islands,0,104423.0,49601.0,54822.0,4444.0,102187.0,2159137.0,3137690.0,298.351,0.735,12868.0,14018.0,12731.0,9731.0,11766.0,14449.0,14021.0,10901.0,3938.0,79.568293,21.8,12.3,14.0,70.177,41.141,68.6,18.8,2.3,3.06705,1.5765500000000001,335.9494475,92.7579195
VN,VN,Vietnam,0,97338583.0,48598254.0,48740329.0,61129966.0,35332140.0,8371428.0,16735581.0,313.925,0.694,15478572.0,13599043.0,15389496.0,16200924.0,13572962.0,11109968.0,7342687.0,2778472.0,1866459.0,75.317,22.8,6.0,16.5,188.583,76.363,64.5,17.1,2.3,1.4463,0.8281,129.575958,58.64341
VU,VU,Vanuatu,0,307150.0,155690.0,151460.0,223730.0,76152.0,2159137.0,3137690.0,25.197,0.603,80885.0,66926.0,50768.0,41003.0,29192.0,20545.0,11437.0,4838.0,1556.0,70.323,18.6,11.9,22.3,151.626,102.42,135.6,23.3,2.3,1.4247,0.1653,105.666527,9.468102
WS,WS,Samoa,0,198410.0,102703.0,95707.0,161509.0,35588.0,2159137.0,3137690.0,70.11,0.713,51123.0,41998.0,31295.0,22012.0,19560.0,16470.0,9960.0,4580.0,1412.0,73.187,27.7,9.2,13.6,138.239,80.735,85.0,20.6,2.3,2.4885,0.3445,233.065063,27.634661
YE,YE,Yemen,0,29825968.0,15024985.0,14800983.0,18292399.0,10869523.0,2874373.0,2874373.0,56.492,0.452,8033408.0,6750274.0,5732746.0,4140438.0,2362804.0,1422835.0,879450.0,403471.0,100542.0,66.096,18.4,5.4,42.9,219.749,174.558,194.2,30.6,2.3,0.7852,1.5765500000000001,72.039467,58.321163
ZA,ZA,South Africa,0,59308690.0,29216012.0,30092678.0,19408553.0,39149717.0,5635127.0,20836302.0,48.891,0.699,11585605.0,10409174.0,10141489.0,10155325.0,7043275.0,4911532.0,3164441.0,1476055.0,421794.0,63.857,20.3,12.7,28.5,376.404,248.816,86.7,26.2,2.3,1.3078,0.9054,499.237549,38.775391
ZM,ZM,Zambia,0,18383956.0,9103006.0,9280950.0,9989317.0,7871713.0,2646619.0,2646619.0,24.73,0.588,5663542.0,4550181.0,3180383.0,2185194.0,1413889.0,761259.0,403835.0,179965.0,45708.0,63.51,13.8,4.5,40.4,321.143,221.573,127.2,17.9,2.3,1.3376,1.1867,67.648666,8.015779
ZW,ZW,Zimbabwe,0,14862927.0,7092010.0,7770917.0,9928163.0,4717305.0,1521311.0,1521311.0,38.42,0.535,4308160.0,3559955.0,2482991.0,1867476.0,1257822.0,698089.0,425415.0,200358.0,62661.0,61.195,15.8,1.8,33.9,373.207,337.702,133.0,19.3,2.3,1.9346,0.2096,110.14962,22.715431
