location_key,YEAR,country_code,country_name,aggregation_level,new_persons_vaccinated,cumulative_persons_vaccinated,new_persons_fully_vaccinated,cumulative_persons_fully_vaccinated,new_vaccine_doses_administered,cumulative_vaccine_doses_administered,new_persons_vaccinated_pfizer,cumulative_persons_vaccinated_pfizer,new_persons_fully_vaccinated_pfizer,cumulative_persons_fully_vaccinated_pfizer,new_vaccine_doses_administered_pfizer,cumulative_vaccine_doses_administered_pfizer,new_persons_vaccinated_moderna,cumulative_persons_vaccinated_moderna,new_persons_fully_vaccinated_moderna,cumulative_persons_fully_vaccinated_moderna,new_vaccine_doses_administered_moderna,cumulative_vaccine_doses_administered_moderna,new_persons_vaccinated_janssen,cumulative_persons_vaccinated_janssen,new_persons_fully_vaccinated_janssen,cumulative_persons_fully_vaccinated_janssen,new_vaccine_doses_administered_janssen,cumulative_vaccine_doses_administered_janssen,new_persons_vaccinated_sinovac,total_persons_vaccinated_sinovac,new_persons_fully_vaccinated_sinovac,total_persons_fully_vaccinated_sinovac,new_vaccine_doses_administered_sinovac,total_vaccine_doses_administered_sinovac
0,2021,0,Namibia,0,346454.0,346454.0,283630.0,283758.0,630212.0,630212.0,0.0,0.0,0.0,0.0,0.0,0.0,0.0,0.0,0.0,0.0,0.0,0.0,0.0,0.0,0.0,0.0,0.0,0.0,0.0,0.0,0.0,0.0,0.0,0.0
0,2022,0,Namibia,0,240198.0,586652.0,230397.0,514155.0,317061.0,947273.0,0.0,0.0,0.0,0.0,0.0,0.0,0.0,0.0,0.0,0.0,0.0,0.0,0.0,0.0,0.0,0.0,0.0,0.0,0.0,0.0,0.0,0.0,0.0,0.0
AD,2021,AD,Andorra,0,56509.0,57085.0,50220.0,51392.0,116670.0,117246.0,0.0,0.0,0.0,0.0,0.0,0.0,0.0,0.0,0.0,0.0,0.0,0.0,0.0,0.0,0.0,0.0,0.0,0.0,0.0,0.0,0.0,0.0,0.0,0.0
AD,2022,AD,Andorra,0,808.0,57893.0,2086.0,53478.0,36949.0,154195.0,0.0,0.0,0.0,0.0,0.0,0.0,0.0,0.0,0.0,0.0,0.0,0.0,0.0,0.0,0.0,0.0,0.0,0.0,0.0,0.0,0.0,0.0,0.0,0.0
AE,2021,AE,United Arab Emirates,0,9044888.0,9881456.0,8809559.0,9059559.0,21580283.0,22406584.0,0.0,0.0,0.0,0.0,0.0,0.0,0.0,0.0,0.0,0.0,0.0,0.0,0.0,0.0,0.0,0.0,0.0,0.0,0.0,0.0,0.0,0.0,0.0,0.0
AE,2022,AE,United Arab Emirates,0,109633.0,9991089.0,732707.0,9792266.0,2515470.0,24922054.0,0.0,0.0,0.0,0.0,0.0,0.0,0.0,0.0,0.0,0.0,0.0,0.0,0.0,0.0,0.0,0.0,0.0,0.0,0.0,0.0,0.0,0.0,0.0,0.0
AF,2021,AF,Afghanistan,0,4142857.0,4142857.0,3697600.0,3753224.0,4674518.0,4674518.0,0.0,0.0,0.0,0.0,0.0,0.0,0.0,0.0,0.0,0.0,0.0,0.0,0.0,0.0,0.0,0.0,0.0,0.0,0.0,0.0,0.0,0.0,0.0,0.0
AF,2022,AF,Afghanistan,0,6684327.0,10827184.0,6352276.0,10105500.0,7060117.0,11734635.0,0.0,0.0,0.0,0.0,0.0,0.0,0.0,0.0,0.0,0.0,0.0,0.0,0.0,0.0,0.0,0.0,0.0,0.0,0.0,0.0,0.0,0.0,0.0,0.0
AG,2021,AG,Antigua and Barbuda,0,62283.0,62283.0,56282.0,58863.0,121146.0,121146.0,0.0,0.0,0.0,0.0,0.0,0.0,0.0,0.0,0.0,0.0,0.0,0.0,0.0,0.0,0.0,0.0,0.0,0.0,0.0,0.0,0.0,0.0,0.0,0.0
AG,2022,AG,Antigua and Barbuda,0,1808.0,64091.0,3168.0,62031.0,7121.0,128267.0,0.0,0.0,0.0,0.0,0.0,0.0,0.0,0.0,0.0,0.0,0.0,0.0,0.0,0.0,0.0,0.0,0.0,0.0,0.0,0.0,0.0,0.0,0.0,0.0
AI,2021,AI,Anguilla,0,10079.0,10079.0,8440.0,9223.0,20284.0,20284.0,0.0,0.0,0.0,0.0,0.0,0.0,0.0,0.0,0.0,0.0,0.0,0.0,0.0,0.0,0.0,0.0,0.0,0.0,0.0,0.0,0.0,0.0,0.0,0.0
AI,2022,AI,Anguilla,0,767.0,10846.0,1091.0,10314.0,3818.0,24102.0,0.0,0.0,0.0,0.0,0.0,0.0,0.0,0.0,0.0,0.0,0.0,0.0,0.0,0.0,0.0,0.0,0.0,0.0,0.0,0.0,0.0,0.0,0.0,0.0
AL,2021,AL,Albania,0,1141486.0,1141486.0,1031131.0,1031132.0,2316606.0,2316606.0,0.0,0.0,0.0,0.0,0.0,0.0,0.0,0.0,0.0,0.0,0.0,0.0,0.0,0.0,0.0,0.0,0.0,0.0,0.0,0.0,0.0,0.0,0.0,0.0
AL,2022,AL,Albania,0,194168.0,1335654.0,230111.0,1261243.0,649650.0,2966256.0,0.0,0.0,0.0,0.0,0.0,0.0,0.0,0.0,0.0,0.0,0.0,0.0,0.0,0.0,0.0,0.0,0.0,0.0,0.0,0.0,0.0,0.0,0.0,0.0
AM,2021,AM,Armenia,0,933463.0,934028.0,680298.0,692082.0,1626173.0,1626738.0,0.0,0.0,0.0,0.0,0.0,0.0,0.0,0.0,0.0,0.0,0.0,0.0,0.0,0.0,0.0,0.0,0.0,0.0,0.0,0.0,0.0,0.0,0.0,0.0
AM,2022,AM,Armenia,0,195641.0,1129669.0,293725.0,985807.0,523374.0,2150112.0,0.0,0.0,0.0,0.0,0.0,0.0,0.0,0.0,0.0,0.0,0.0,0.0,0.0,0.0,0.0,0.0,0.0,0.0,0.0,0.0,0.0,0.0,0.0,0.0
AO,2021,AO,Angola,0,7685417.0,7685417.0,3889532.0,3929727.0,11615144.0,11615144.0,0.0,0.0,0.0,0.0,0.0,0.0,0.0,0.0,0.0,0.0,0.0,0.0,0.0,0.0,0.0,0.0,0.0,0.0,0.0,0.0,0.0,0.0,0.0,0.0
AO,2022,AO,Angola,0,6535413.0,14220830.0,3884394.0,7814121.0,10681960.0,22297104.0,0.0,0.0,0.0,0.0,0.0,0.0,0.0,0.0,0.0,0.0,0.0,0.0,0.0,0.0,0.0,0.0,0.0,0.0,0.0,0.0,0.0,0.0,0.0,0.0
AR,2020,AR,Argentina,0,18797.0,18797.0,7.0,7.0,18804.0,18804.0,0.0,0.0,0.0,0.0,0.0,0.0,0.0,0.0,0.0,0.0,0.0,0.0,0.0,0.0,0.0,0.0,0.0,0.0,0.0,0.0,0.0,0.0,0.0,0.0
AR,2021,AR,Argentina,0,16634103.0,16652900.0,14279904.0,14279911.0,30914007.0,30932811.0,0.0,0.0,0.0,0.0,0.0,0.0,0.0,0.0,0.0,0.0,0.0,0.0,0.0,0.0,0.0,0.0,0.0,0.0,0.0,0.0,0.0,0.0,0.0,0.0
AR,2022,AR,Argentina,0,1126580.0,41278941.0,2038664.0,37769105.0,10099129.0,109204825.0,0.0,0.0,0.0,0.0,0.0,0.0,0.0,0.0,0.0,0.0,0.0,0.0,0.0,0.0,0.0,0.0,0.0,0.0,0.0,0.0,0.0,0.0,0.0,0.0
AT,2020,AT,Austria,0,4431.0,5195.0,0.0,0.0,4431.0,5195.0,0.0,0.0,0.0,0.0,0.0,0.0,0.0,0.0,0.0,0.0,0.0,0.0,0.0,0.0,0.0,0.0,0.0,0.0,0.0,0.0,0.0,0.0,0.0,0.0
AT,2021,AT,Austria,0,6601972.0,6702148.0,6279791.0,6561909.0,13561731.0,16638250.0,0.0,0.0,0.0,0.0,0.0,0.0,0.0,0.0,0.0,0.0,0.0,0.0,0.0,0.0,0.0,0.0,0.0,0.0,0.0,0.0,0.0,0.0,0.0,0.0
AT,2022,AT,Austria,0,183031.0,6885179.0,258741.0,6820650.0,2542114.0,19180364.0,0.0,0.0,0.0,0.0,0.0,0.0,0.0,0.0,0.0,0.0,0.0,0.0,0.0,0.0,0.0,0.0,0.0,0.0,0.0,0.0,0.0,0.0,0.0,0.0
AU,2020,AU,Australia,0,0.0,0.0,0.0,0.0,0.0,0.0,0.0,0.0,0.0,0.0,0.0,0.0,0.0,0.0,0.0,0.0,0.0,0.0,0.0,0.0,0.0,0.0,0.0,0.0,0.0,0.0,0.0,0.0,0.0,0.0
AU,2021,AU,Australia,0,22842869.0,22842869.0,19755837.0,19755837.0,42598706.0,42598706.0,0.0,0.0,0.0,0.0,0.0,0.0,0.0,0.0,0.0,0.0,0.0,0.0,0.0,0.0,0.0,0.0,0.0,0.0,0.0,0.0,0.0,0.0,0.0,0.0
AU,2022,AU,Australia,0,18671869.0,41514738.0,2010403.0,21766240.0,20682272.0,63280978.0,0.0,0.0,0.0,0.0,0.0,0.0,0.0,0.0,0.0,0.0,0.0,0.0,0.0,0.0,0.0,0.0,0.0,0.0,0.0,0.0,0.0,0.0,0.0,0.0
AW,2021,AW,Aruba,0,69151.0,84751.0,68842.0,79008.0,137993.0,163759.0,0.0,0.0,0.0,0.0,0.0,0.0,0.0,0.0,0.0,0.0,0.0,0.0,0.0,0.0,0.0,0.0,0.0,0.0,0.0,0.0,0.0,0.0,0.0,0.0
AW,2022,AW,Aruba,0,5000.0,89751.0,4524.0,83532.0,9524.0,173283.0,0.0,0.0,0.0,0.0,0.0,0.0,0.0,0.0,0.0,0.0,0.0,0.0,0.0,0.0,0.0,0.0,0.0,0.0,0.0,0.0,0.0,0.0,0.0,0.0
AZ,2021,AZ,Azerbaijan,0,5169382.0,5169382.0,4378642.0,4676520.0,11346166.0,11346166.0,0.0,0.0,0.0,0.0,0.0,0.0,0.0,0.0,0.0,0.0,0.0,0.0,0.0,0.0,0.0,0.0,0.0,0.0,0.0,0.0,0.0,0.0,0.0,0.0
AZ,2022,AZ,Azerbaijan,0,203871.0,5373253.0,185974.0,4862494.0,2510945.0,13857111.0,0.0,0.0,0.0,0.0,0.0,0.0,0.0,0.0,0.0,0.0,0.0,0.0,0.0,0.0,0.0,0.0,0.0,0.0,0.0,0.0,0.0,0.0,0.0,0.0
BA,2021,BA,Bosnia and Herzegovina,0,882641.0,882641.0,710631.0,720631.0,1553874.0,1553874.0,0.0,0.0,0.0,0.0,0.0,0.0,0.0,0.0,0.0,0.0,0.0,0.0,0.0,0.0,0.0,0.0,0.0,0.0,0.0,0.0,0.0,0.0,0.0,0.0
BA,2022,BA,Bosnia and Herzegovina,0,60753.0,943394.0,125449.0,846080.0,371076.0,1924950.0,0.0,0.0,0.0,0.0,0.0,0.0,0.0,0.0,0.0,0.0,0.0,0.0,0.0,0.0,0.0,0.0,0.0,0.0,0.0,0.0,0.0,0.0,0.0,0.0
BB,2021,BB,Barbados,0,151462.0,155952.0,127128.0,143677.0,295139.0,299629.0,0.0,0.0,0.0,0.0,0.0,0.0,0.0,0.0,0.0,0.0,0.0,0.0,0.0,0.0,0.0,0.0,0.0,0.0,0.0,0.0,0.0,0.0,0.0,0.0
BB,2022,BB,Barbados,0,7524.0,163476.0,10839.0,154516.0,18363.0,317992.0,0.0,0.0,0.0,0.0,0.0,0.0,0.0,0.0,0.0,0.0,0.0,0.0,0.0,0.0,0.0,0.0,0.0,0.0,0.0,0.0,0.0,0.0,0.0,0.0
BD,2021,BD,Bangladesh,0,65835395.0,65835395.0,40658428.0,40739751.0,106575146.0,106575146.0,0.0,0.0,0.0,0.0,0.0,0.0,0.0,0.0,0.0,0.0,0.0,0.0,0.0,0.0,0.0,0.0,0.0,0.0,0.0,0.0,0.0,0.0,0.0,0.0
BD,2022,BD,Bangladesh,0,65553753.0,131389148.0,80746597.0,121486348.0,190530628.0,297105774.0,0.0,0.0,0.0,0.0,0.0,0.0,0.0,0.0,0.0,0.0,0.0,0.0,0.0,0.0,0.0,0.0,0.0,0.0,0.0,0.0,0.0,0.0,0.0,0.0
BE,2020,BE,Belgium,0,939.0,939.0,2.0,2.0,941.0,941.0,0.0,0.0,0.0,0.0,0.0,0.0,0.0,0.0,0.0,0.0,0.0,0.0,0.0,0.0,0.0,0.0,0.0,0.0,0.0,0.0,0.0,0.0,0.0,0.0
BE,2021,BE,Belgium,0,8509594.0,8510533.0,8400432.0,8400434.0,16910026.0,16910967.0,0.0,0.0,0.0,0.0,0.0,0.0,0.0,0.0,0.0,0.0,0.0,0.0,0.0,0.0,0.0,0.0,0.0,0.0,0.0,0.0,0.0,0.0,0.0,0.0
BE,2022,BE,Belgium,0,314889.0,8825422.0,328098.0,8728532.0,642987.0,17553954.0,0.0,0.0,0.0,0.0,0.0,0.0,0.0,0.0,0.0,0.0,0.0,0.0,0.0,0.0,0.0,0.0,0.0,0.0,0.0,0.0,0.0,0.0,0.0,0.0
BF,2021,BF,Burkina Faso,0,972176.0,972376.0,636047.0,649320.0,1053130.0,1053330.0,0.0,0.0,0.0,0.0,0.0,0.0,0.0,0.0,0.0,0.0,0.0,0.0,0.0,0.0,0.0,0.0,0.0,0.0,0.0,0.0,0.0,0.0,0.0,0.0
BF,2022,BF,Burkina Faso,0,1704707.0,2677083.0,1776589.0,2425909.0,2687613.0,3740943.0,0.0,0.0,0.0,0.0,0.0,0.0,0.0,0.0,0.0,0.0,0.0,0.0,0.0,0.0,0.0,0.0,0.0,0.0,0.0,0.0,0.0,0.0,0.0,0.0
BG,2020,BG,Bulgaria,0,2889.0,4608.0,0.0,0.0,2889.0,4608.0,0.0,0.0,0.0,0.0,0.0,0.0,0.0,0.0,0.0,0.0,0.0,0.0,0.0,0.0,0.0,0.0,0.0,0.0,0.0,0.0,0.0,0.0,0.0,0.0
BG,2021,BG,Bulgaria,0,1899535.0,1904143.0,1913796.0,1914910.0,3696052.0,3700660.0,0.0,0.0,0.0,0.0,0.0,0.0,0.0,0.0,0.0,0.0,0.0,0.0,0.0,0.0,0.0,0.0,0.0,0.0,0.0,0.0,0.0,0.0,0.0,0.0
BG,2022,BG,Bulgaria,0,196788.0,2100931.0,155798.0,2070708.0,833024.0,4533684.0,0.0,0.0,0.0,0.0,0.0,0.0,0.0,0.0,0.0,0.0,0.0,0.0,0.0,0.0,0.0,0.0,0.0,0.0,0.0,0.0,0.0,0.0,0.0,0.0
BH,2020,BH,Bahrain,0,19678.0,58643.0,0.0,0.0,19678.0,58643.0,0.0,0.0,0.0,0.0,0.0,0.0,0.0,0.0,0.0,0.0,0.0,0.0,0.0,0.0,0.0,0.0,0.0,0.0,0.0,0.0,0.0,0.0,0.0,0.0
BH,2021,BH,Bahrain,0,1144503.0,1203146.0,978619.0,1177993.0,3167558.0,3226201.0,0.0,0.0,0.0,0.0,0.0,0.0,0.0,0.0,0.0,0.0,0.0,0.0,0.0,0.0,0.0,0.0,0.0,0.0,0.0,0.0,0.0,0.0,0.0,0.0
BH,2022,BH,Bahrain,0,37256.0,1240402.0,47737.0,1225730.0,242996.0,3469197.0,0.0,0.0,0.0,0.0,0.0,0.0,0.0,0.0,0.0,0.0,0.0,0.0,0.0,0.0,0.0,0.0,0.0,0.0,0.0,0.0,0.0,0.0,0.0,0.0
BI,2021,BI,Burundi,0,3929.0,4010.0,3389.0,3533.0,7462.0,7543.0,0.0,0.0,0.0,0.0,0.0,0.0,0.0,0.0,0.0,0.0,0.0,0.0,0.0,0.0,0.0,0.0,0.0,0.0,0.0,0.0,0.0,0.0,0.0,0.0
BI,2022,BI,Burundi,0,14835.0,18845.0,14715.0,18248.0,13190.0,20733.0,0.0,0.0,0.0,0.0,0.0,0.0,0.0,0.0,0.0,0.0,0.0,0.0,0.0,0.0,0.0,0.0,0.0,0.0,0.0,0.0,0.0,0.0,0.0,0.0
BJ,2021,BJ,Benin,0,1689101.0,1699784.0,1318846.0,1319264.0,1762909.0,1773592.0,0.0,0.0,0.0,0.0,0.0,0.0,0.0,0.0,0.0,0.0,0.0,0.0,0.0,0.0,0.0,0.0,0.0,0.0,0.0,0.0,0.0,0.0,0.0,0.0
BJ,2022,BJ,Benin,0,1982545.0,3682329.0,1410958.0,2730222.0,1914147.0,3687739.0,0.0,0.0,0.0,0.0,0.0,0.0,0.0,0.0,0.0,0.0,0.0,0.0,0.0,0.0,0.0,0.0,0.0,0.0,0.0,0.0,0.0,0.0,0.0,0.0
BM,2021,BM,Bermuda,0,46194.0,46194.0,43622.0,45213.0,112695.0,112695.0,0.0,0.0,0.0,0.0,0.0,0.0,0.0,0.0,0.0,0.0,0.0,0.0,0.0,0.0,0.0,0.0,0.0,0.0,0.0,0.0,0.0,0.0,0.0,0.0
BM,2022,BM,Bermuda,0,2360.0,48554.0,2444.0,47657.0,19347.0,132042.0,0.0,0.0,0.0,0.0,0.0,0.0,0.0,0.0,0.0,0.0,0.0,0.0,0.0,0.0,0.0,0.0,0.0,0.0,0.0,0.0,0.0,0.0,0.0,0.0
BN,2021,BN,Brunei,0,405888.0,405888.0,400586.0,400691.0,898401.0,898401.0,0.0,0.0,0.0,0.0,0.0,0.0,0.0,0.0,0.0,0.0,0.0,0.0,0.0,0.0,0.0,0.0,0.0,0.0,0.0,0.0,0.0,0.0,0.0,0.0
BN,2022,BN,Brunei,0,43541.0,449429.0,43721.0,444412.0,370498.0,1268899.0,0.0,0.0,0.0,0.0,0.0,0.0,0.0,0.0,0.0,0.0,0.0,0.0,0.0,0.0,0.0,0.0,0.0,0.0,0.0,0.0,0.0,0.0,0.0,0.0
BO,2021,BO,Bolivia,0,7163935.0,5635100.0,5704748.0,4593214.0,9791255.0,9792844.0,0.0,0.0,0.0,0.0,0.0,0.0,0.0,0.0,0.0,0.0,0.0,0.0,0.0,0.0,0.0,0.0,0.0,0.0,0.0,0.0,0.0,0.0,0.0,0.0
BO,2022,BO,Bolivia,0,1694034.0,7329134.0,1523269.0,6116483.0,4707141.0,14499985.0,0.0,0.0,0.0,0.0,0.0,0.0,0.0,0.0,0.0,0.0,0.0,0.0,0.0,0.0,0.0,0.0,0.0,0.0,0.0,0.0,0.0,0.0,0.0,0.0
BQ,2021,BQ,Caribbean Netherlands,0,13383.0,19109.0,15071.0,16736.0,28454.0,35845.0,0.0,0.0,0.0,0.0,0.0,0.0,0.0,0.0,0.0,0.0,0.0,0.0,0.0,0.0,0.0,0.0,0.0,0.0,0.0,0.0,0.0,0.0,0.0,0.0
BR,2020,BR,Brazil,0,0.0,0.0,0.0,0.0,0.0,0.0,0.0,0.0,0.0,0.0,0.0,0.0,0.0,0.0,0.0,0.0,0.0,0.0,0.0,0.0,0.0,0.0,0.0,0.0,0.0,0.0,0.0,0.0,0.0,0.0
BR,2021,BR,Brazil,0,161817494.0,161817865.0,138486380.0,138486380.0,300303775.0,300304245.0,0.0,0.0,0.0,0.0,0.0,0.0,0.0,0.0,0.0,0.0,0.0,0.0,0.0,0.0,0.0,0.0,0.0,0.0,0.0,0.0,0.0,0.0,0.0,0.0
BR,2022,BR,Brazil,0,19504311.0,181322176.0,28098298.0,166584678.0,47602609.0,347906854.0,0.0,0.0,0.0,0.0,0.0,0.0,0.0,0.0,0.0,0.0,0.0,0.0,0.0,0.0,0.0,0.0,0.0,0.0,0.0,0.0,0.0,0.0,0.0,0.0
BS,2021,BS,Bahamas,0,157041.0,157041.0,141349.0,147365.0,300214.0,300214.0,0.0,0.0,0.0,0.0,0.0,0.0,0.0,0.0,0.0,0.0,0.0,0.0,0.0,0.0,0.0,0.0,0.0,0.0,0.0,0.0,0.0,0.0,0.0,0.0
BS,2022,BS,Bahamas,0,15547.0,172588.0,16406.0,163771.0,57983.0,358197.0,0.0,0.0,0.0,0.0,0.0,0.0,0.0,0.0,0.0,0.0,0.0,0.0,0.0,0.0,0.0,0.0,0.0,0.0,0.0,0.0,0.0,0.0,0.0,0.0
BT,2021,BT,Bhutan,0,589762.0,589762.0,563775.0,565081.0,1154843.0,1154843.0,0.0,0.0,0.0,0.0,0.0,0.0,0.0,0.0,0.0,0.0,0.0,0.0,0.0,0.0,0.0,0.0,0.0,0.0,0.0,0.0,0.0,0.0,0.0,0.0
BT,2022,BT,Bhutan,0,105931.0,695693.0,109784.0,674865.0,772770.0,1927613.0,0.0,0.0,0.0,0.0,0.0,0.0,0.0,0.0,0.0,0.0,0.0,0.0,0.0,0.0,0.0,0.0,0.0,0.0,0.0,0.0,0.0,0.0,0.0,0.0
BW,2021,BW,Botswana,0,1169197.0,1169197.0,1010953.0,1033971.0,1128095.0,1128095.0,0.0,0.0,0.0,0.0,0.0,0.0,0.0,0.0,0.0,0.0,0.0,0.0,0.0,0.0,0.0,0.0,0.0,0.0,0.0,0.0,0.0,0.0,0.0,0.0
BW,2022,BW,Botswana,0,333545.0,1502742.0,339767.0,1373738.0,1743206.0,2871301.0,0.0,0.0,0.0,0.0,0.0,0.0,0.0,0.0,0.0,0.0,0.0,0.0,0.0,0.0,0.0,0.0,0.0,0.0,0.0,0.0,0.0,0.0,0.0,0.0
BY,2020,BY,Belarus,0,0.0,0.0,0.0,0.0,0.0,0.0,0.0,0.0,0.0,0.0,0.0,0.0,0.0,0.0,0.0,0.0,0.0,0.0,0.0,0.0,0.0,0.0,0.0,0.0,0.0,0.0,0.0,0.0,0.0,0.0
BY,2021,BY,Belarus,0,4356041.0,4356041.0,3218165.0,3228165.0,7708200.0,7708200.0,0.0,0.0,0.0,0.0,0.0,0.0,0.0,0.0,0.0,0.0,0.0,0.0,0.0,0.0,0.0,0.0,0.0,0.0,0.0,0.0,0.0,0.0,0.0,0.0
BY,2022,BY,Belarus,0,2142860.0,6498901.0,3158852.0,6387017.0,7469429.0,15177629.0,0.0,0.0,0.0,0.0,0.0,0.0,0.0,0.0,0.0,0.0,0.0,0.0,0.0,0.0,0.0,0.0,0.0,0.0,0.0,0.0,0.0,0.0,0.0,0.0
BZ,2021,BZ,Belize,0,230125.0,230125.0,189615.0,199119.0,424634.0,424634.0,0.0,0.0,0.0,0.0,0.0,0.0,0.0,0.0,0.0,0.0,0.0,0.0,0.0,0.0,0.0,0.0,0.0,0.0,0.0,0.0,0.0,0.0,0.0,0.0
BZ,2022,BZ,Belize,0,20194.0,250319.0,20537.0,219656.0,74169.0,498803.0,0.0,0.0,0.0,0.0,0.0,0.0,0.0,0.0,0.0,0.0,0.0,0.0,0.0,0.0,0.0,0.0,0.0,0.0,0.0,0.0,0.0,0.0,0.0,0.0
CA,2020,CA,Canada,0,129957.0,96168.0,1.0,2.0,129959.0,96170.0,0.0,0.0,0.0,0.0,0.0,0.0,0.0,0.0,0.0,0.0,0.0,0.0,0.0,0.0,0.0,0.0,0.0,0.0,0.0,0.0,0.0,0.0,0.0,0.0
CA,2021,CA,Canada,0,58824562.0,31746146.0,55170713.0,29437317.0,121134064.0,68836546.0,0.0,0.0,0.0,0.0,0.0,0.0,0.0,0.0,0.0,0.0,0.0,0.0,0.0,0.0,0.0,0.0,0.0,0.0,0.0,0.0,0.0,0.0,0.0,0.0
CA,2022,CA,Canada,0,2453303.0,33179054.0,3921089.0,31564679.0,21654389.0,89035955.0,0.0,0.0,0.0,0.0,0.0,0.0,0.0,0.0,0.0,0.0,0.0,0.0,0.0,0.0,0.0,0.0,0.0,0.0,0.0,0.0,0.0,0.0,0.0,0.0
CD,2021,CD,Democratic Republic of the Congo,0,257013.0,257013.0,115331.0,117844.0,333589.0,333589.0,0.0,0.0,0.0,0.0,0.0,0.0,0.0,0.0,0.0,0.0,0.0,0.0,0.0,0.0,0.0,0.0,0.0,0.0,0.0,0.0,0.0,0.0,0.0,0.0
CD,2022,CD,Democratic Republic of the Congo,0,4129788.0,4386801.0,2755882.0,2873726.0,4423258.0,4756847.0,0.0,0.0,0.0,0.0,0.0,0.0,0.0,0.0,0.0,0.0,0.0,0.0,0.0,0.0,0.0,0.0,0.0,0.0,0.0,0.0,0.0,0.0,0.0,0.0
CF,2021,CF,Central African Republic,0,374429.0,375096.0,325005.0,334906.0,436105.0,436772.0,0.0,0.0,0.0,0.0,0.0,0.0,0.0,0.0,0.0,0.0,0.0,0.0,0.0,0.0,0.0,0.0,0.0,0.0,0.0,0.0,0.0,0.0,0.0,0.0
CF,2022,CF,Central African Republic,0,1080227.0,1455323.0,1043394.0,1378300.0,1112941.0,1549713.0,0.0,0.0,0.0,0.0,0.0,0.0,0.0,0.0,0.0,0.0,0.0,0.0,0.0,0.0,0.0,0.0,0.0,0.0,0.0,0.0,0.0,0.0,0.0,0.0
CG,2021,CG,Republic of the Congo,0,608589.0,622886.0,69927.0,135954.0,744594.0,758891.0,0.0,0.0,0.0,0.0,0.0,0.0,0.0,0.0,0.0,0.0,0.0,0.0,0.0,0.0,0.0,0.0,0.0,0.0,0.0,0.0,0.0,0.0,0.0,0.0
CG,2022,CG,Republic of the Congo,0,72874.0,695760.0,518165.0,654119.0,74319.0,833210.0,0.0,0.0,0.0,0.0,0.0,0.0,0.0,0.0,0.0,0.0,0.0,0.0,0.0,0.0,0.0,0.0,0.0,0.0,0.0,0.0,0.0,0.0,0.0,0.0
CH,2020,CH,Switzerland,0,6279.0,6278.0,12.0,11.0,6383.0,6383.0,0.0,0.0,0.0,0.0,0.0,0.0,0.0,0.0,0.0,0.0,0.0,0.0,0.0,0.0,0.0,0.0,0.0,0.0,0.0,0.0,0.0,0.0,0.0,0.0
CH,2021,CH,Switzerland,0,5960319.0,5966597.0,5830764.0,5830775.0,13839476.0,13845859.0,0.0,0.0,0.0,0.0,0.0,0.0,0.0,0.0,0.0,0.0,0.0,0.0,0.0,0.0,0.0,0.0,0.0,0.0,0.0,0.0,0.0,0.0,0.0,0.0
CH,2022,CH,Switzerland,0,72741.0,6039338.0,135901.0,5966676.0,2147672.0,15993531.0,0.0,0.0,0.0,0.0,0.0,0.0,0.0,0.0,0.0,0.0,0.0,0.0,0.0,0.0,0.0,0.0,0.0,0.0,0.0,0.0,0.0,0.0,0.0,0.0
CI,2021,CI,Ivory Coast,0,4950775.0,4950775.0,1889058.0,2162458.0,7113233.0,7113233.0,0.0,0.0,0.0,0.0,0.0,0.0,0.0,0.0,0.0,0.0,0.0,0.0,0.0,0.0,0.0,0.0,0.0,0.0,0.0,0.0,0.0,0.0,0.0,0.0
CI,2022,CI,Ivory Coast,0,5770980.0,10721755.0,6655297.0,8817755.0,11191099.0,18304332.0,0.0,0.0,0.0,0.0,0.0,0.0,0.0,0.0,0.0,0.0,0.0,0.0,0.0,0.0,0.0,0.0,0.0,0.0,0.0,0.0,0.0,0.0,0.0,0.0
CK,2021,CK,Cook Islands,0,8478.0,12841.0,12469.0,12498.0,20976.0,25339.0,0.0,0.0,0.0,0.0,0.0,0.0,0.0,0.0,0.0,0.0,0.0,0.0,0.0,0.0,0.0,0.0,0.0,0.0,0.0,0.0,0.0,0.0,0.0,0.0
CK,2022,CK,Cook Islands,0,2192.0,15033.0,2187.0,14685.0,14441.0,39780.0,0.0,0.0,0.0,0.0,0.0,0.0,0.0,0.0,0.0,0.0,0.0,0.0,0.0,0.0,0.0,0.0,0.0,0.0,0.0,0.0,0.0,0.0,0.0,0.0
CL,2020,CL,Chile,0,8228.0,8648.0,0.0,0.0,8228.0,8648.0,0.0,0.0,0.0,0.0,0.0,0.0,0.0,0.0,0.0,0.0,0.0,0.0,0.0,0.0,0.0,0.0,0.0,0.0,0.0,0.0,0.0,0.0,0.0,0.0
CL,2021,CL,Chile,0,17299222.0,17307870.0,16546672.0,16547704.0,44303978.0,44312626.0,0.0,0.0,0.0,0.0,0.0,0.0,0.0,0.0,0.0,0.0,0.0,0.0,0.0,0.0,0.0,0.0,0.0,0.0,0.0,0.0,0.0,0.0,0.0,0.0
CL,2022,CL,Chile,0,757045.0,18064915.0,1123654.0,17671358.0,17891609.0,62204235.0,0.0,0.0,0.0,0.0,0.0,0.0,0.0,0.0,0.0,0.0,0.0,0.0,0.0,0.0,0.0,0.0,0.0,0.0,0.0,0.0,0.0,0.0,0.0,0.0
CM,2021,CM,Cameroon,0,834112.0,834112.0,658738.0,659641.0,1020007.0,1020007.0,0.0,0.0,0.0,0.0,0.0,0.0,0.0,0.0,0.0,0.0,0.0,0.0,0.0,0.0,0.0,0.0,0.0,0.0,0.0,0.0,0.0,0.0,0.0,0.0
CM,2022,CM,Cameroon,0,735758.0,1569870.0,567017.0,1226658.0,834429.0,1854436.0,0.0,0.0,0.0,0.0,0.0,0.0,0.0,0.0,0.0,0.0,0.0,0.0,0.0,0.0,0.0,0.0,0.0,0.0,0.0,0.0,0.0,0.0,0.0,0.0
CN,2020,CN,China,0,0.0,0.0,0.0,0.0,3000000.0,4500000.0,0.0,0.0,0.0,0.0,0.0,0.0,0.0,0.0,0.0,0.0,0.0,0.0,0.0,0.0,0.0,0.0,0.0,0.0,0.0,0.0,0.0,0.0,0.0,0.0
CN,2021,CN,China,0,637967000.0,1259967000.0,430367000.0,1207413000.0,2836769000.0,2841269000.0,0.0,0.0,0.0,0.0,0.0,0.0,0.0,0.0,0.0,0.0,0.0,0.0,0.0,0.0,0.0,0.0,0.0,0.0,0.0,0.0,0.0,0.0,0.0,0.0
CN,2022,CN,China,0,42806000.0,1302773000.0,63243000.0,1270656000.0,593505000.0,3434774000.0,0.0,0.0,0.0,0.0,0.0,0.0,0.0,0.0,0.0,0.0,0.0,0.0,0.0,0.0,0.0,0.0,0.0,0.0,0.0,0.0,0.0,0.0,0.0,0.0
CO,2021,CO,Colombia,0,37604038.0,38353097.0,28290595.0,28323837.0,64690471.0,64690489.0,0.0,0.0,0.0,0.0,0.0,0.0,0.0,0.0,0.0,0.0,0.0,0.0,0.0,0.0,0.0,0.0,0.0,0.0,0.0,0.0,0.0,0.0,0.0,0.0
CO,2022,CO,Colombia,0,4280769.0,42633866.0,8155977.0,36479814.0,22876052.0,87566541.0,0.0,0.0,0.0,0.0,0.0,0.0,0.0,0.0,0.0,0.0,0.0,0.0,0.0,0.0,0.0,0.0,0.0,0.0,0.0,0.0,0.0,0.0,0.0,0.0
CR,2020,CR,Costa Rica,0,0.0,55.0,0.0,0.0,0.0,55.0,0.0,0.0,0.0,0.0,0.0,0.0,0.0,0.0,0.0,0.0,0.0,0.0,0.0,0.0,0.0,0.0,0.0,0.0,0.0,0.0,0.0,0.0,0.0,0.0
CR,2021,CR,Costa Rica,0,3944877.0,3944932.0,3505121.0,3505176.0,7756293.0,7756348.0,0.0,0.0,0.0,0.0,0.0,0.0,0.0,0.0,0.0,0.0,0.0,0.0,0.0,0.0,0.0,0.0,0.0,0.0,0.0,0.0,0.0,0.0,0.0,0.0
CR,2022,CR,Costa Rica,0,518704.0,4463636.0,686510.0,4191686.0,3947643.0,11703991.0,0.0,0.0,0.0,0.0,0.0,0.0,0.0,0.0,0.0,0.0,0.0,0.0,0.0,0.0,0.0,0.0,0.0,0.0,0.0,0.0,0.0,0.0,0.0,0.0
CU,2021,CU,Cuba,0,10378955.0,10448955.0,9525329.0,9672464.0,28836300.0,30874045.0,0.0,0.0,0.0,0.0,0.0,0.0,0.0,0.0,0.0,0.0,0.0,0.0,0.0,0.0,0.0,0.0,0.0,0.0,0.0,0.0,0.0,0.0,0.0,0.0
CU,2022,CU,Cuba,0,252147.0,10701102.0,317205.0,9989669.0,10759664.0,41633709.0,0.0,0.0,0.0,0.0,0.0,0.0,0.0,0.0,0.0,0.0,0.0,0.0,0.0,0.0,0.0,0.0,0.0,0.0,0.0,0.0,0.0,0.0,0.0,0.0
CV,2021,CV,Cape Verde,0,302802.0,302802.0,253286.0,255954.0,571130.0,571130.0,0.0,0.0,0.0,0.0,0.0,0.0,0.0,0.0,0.0,0.0,0.0,0.0,0.0,0.0,0.0,0.0,0.0,0.0,0.0,0.0,0.0,0.0,0.0,0.0
CV,2022,CV,Cape Verde,0,53553.0,356355.0,52428.0,308382.0,282627.0,853757.0,0.0,0.0,0.0,0.0,0.0,0.0,0.0,0.0,0.0,0.0,0.0,0.0,0.0,0.0,0.0,0.0,0.0,0.0,0.0,0.0,0.0,0.0,0.0,0.0
CW,2021,CW,Curaçao,0,88980.0,104386.0,92408.0,96611.0,197483.0,217092.0,0.0,0.0,0.0,0.0,0.0,0.0,0.0,0.0,0.0,0.0,0.0,0.0,0.0,0.0,0.0,0.0,0.0,0.0,0.0,0.0,0.0,0.0,0.0,0.0
CW,2022,CW,Curaçao,0,4087.0,108473.0,3216.0,99827.0,38521.0,255613.0,0.0,0.0,0.0,0.0,0.0,0.0,0.0,0.0,0.0,0.0,0.0,0.0,0.0,0.0,0.0,0.0,0.0,0.0,0.0,0.0,0.0,0.0,0.0,0.0
CY,2021,CY,Cyprus,0,636989.0,640890.0,605827.0,607884.0,1537258.0,1541159.0,0.0,0.0,0.0,0.0,0.0,0.0,0.0,0.0,0.0,0.0,0.0,0.0,0.0,0.0,0.0,0.0,0.0,0.0,0.0,0.0,0.0,0.0,0.0,0.0
CY,2022,CY,Cyprus,0,28457.0,669347.0,37668.0,645552.0,251738.0,1792897.0,0.0,0.0,0.0,0.0,0.0,0.0,0.0,0.0,0.0,0.0,0.0,0.0,0.0,0.0,0.0,0.0,0.0,0.0,0.0,0.0,0.0,0.0,0.0,0.0
CZ,2020,CZ,Czech Republic,0,11887.0,11887.0,1.0,1.0,11888.0,11888.0,0.0,0.0,0.0,0.0,0.0,0.0,0.0,0.0,0.0,0.0,0.0,0.0,0.0,0.0,0.0,0.0,0.0,0.0,0.0,0.0,0.0,0.0,0.0,0.0
CZ,2021,CZ,Czech Republic,0,6819138.0,6831025.0,6257206.0,6257207.0,15487895.0,15499783.0,0.0,0.0,0.0,0.0,0.0,0.0,0.0,0.0,0.0,0.0,0.0,0.0,0.0,0.0,0.0,0.0,0.0,0.0,0.0,0.0,0.0,0.0,0.0,0.0
CZ,2022,CZ,Czech Republic,0,142821.0,6973846.0,220201.0,6477408.0,2481352.0,17981135.0,0.0,0.0,0.0,0.0,0.0,0.0,0.0,0.0,0.0,0.0,0.0,0.0,0.0,0.0,0.0,0.0,0.0,0.0,0.0,0.0,0.0,0.0,0.0,0.0
DE,2020,DE,Germany,0,182099.0,206528.0,0.0,0.0,182099.0,206528.0,0.0,0.0,0.0,0.0,0.0,0.0,0.0,0.0,0.0,0.0,0.0,0.0,0.0,0.0,0.0,0.0,0.0,0.0,0.0,0.0,0.0,0.0,0.0,0.0
DE,2021,DE,Germany,0,62523609.0,62730137.0,59130050.0,59131033.0,153695901.0,153902429.0,0.0,0.0,0.0,0.0,0.0,0.0,0.0,0.0,0.0,0.0,0.0,0.0,0.0,0.0,0.0,0.0,0.0,0.0,0.0,0.0,0.0,0.0,0.0,0.0
DE,2022,DE,Germany,0,2044138.0,64774275.0,4317064.0,63448097.0,31129865.0,185032294.0,0.0,0.0,0.0,0.0,0.0,0.0,0.0,0.0,0.0,0.0,0.0,0.0,0.0,0.0,0.0,0.0,0.0,0.0,0.0,0.0,0.0,0.0,0.0,0.0
DJ,2021,DJ,Djibouti,0,28388.0,38634.0,25592.0,26087.0,54475.0,64721.0,0.0,0.0,0.0,0.0,0.0,0.0,0.0,0.0,0.0,0.0,0.0,0.0,0.0,0.0,0.0,0.0,0.0,0.0,0.0,0.0,0.0,0.0,0.0,0.0
DJ,2022,DJ,Djibouti,0,187209.0,225843.0,179388.0,205475.0,181738.0,246459.0,0.0,0.0,0.0,0.0,0.0,0.0,0.0,0.0,0.0,0.0,0.0,0.0,0.0,0.0,0.0,0.0,0.0,0.0,0.0,0.0,0.0,0.0,0.0,0.0
DK,2020,DK,Denmark,0,30555.0,30556.0,0.0,1.0,30556.0,30557.0,0.0,0.0,0.0,0.0,0.0,0.0,0.0,0.0,0.0,0.0,0.0,0.0,0.0,0.0,0.0,0.0,0.0,0.0,0.0,0.0,0.0,0.0,0.0,0.0
DK,2021,DK,Denmark,0,4732728.0,4763284.0,4571252.0,4571253.0,11997066.0,12027623.0,0.0,0.0,0.0,0.0,0.0,0.0,0.0,0.0,0.0,0.0,0.0,0.0,0.0,0.0,0.0,0.0,0.0,0.0,0.0,0.0,0.0,0.0,0.0,0.0
DK,2022,DK,Denmark,0,53606.0,4816890.0,210199.0,4781452.0,1174794.0,13202417.0,0.0,0.0,0.0,0.0,0.0,0.0,0.0,0.0,0.0,0.0,0.0,0.0,0.0,0.0,0.0,0.0,0.0,0.0,0.0,0.0,0.0,0.0,0.0,0.0
DM,2021,DM,Dominica,0,29426.0,29426.0,27281.0,27618.0,57044.0,57044.0,0.0,0.0,0.0,0.0,0.0,0.0,0.0,0.0,0.0,0.0,0.0,0.0,0.0,0.0,0.0,0.0,0.0,0.0,0.0,0.0,0.0,0.0,0.0,0.0
DM,2022,DM,Dominica,0,3446.0,32872.0,2948.0,30566.0,10387.0,67431.0,0.0,0.0,0.0,0.0,0.0,0.0,0.0,0.0,0.0,0.0,0.0,0.0,0.0,0.0,0.0,0.0,0.0,0.0,0.0,0.0,0.0,0.0,0.0,0.0
DO,2021,DO,Dominican Republic,0,6938596.0,6938596.0,5645192.0,5699587.0,14086551.0,14086551.0,0.0,0.0,0.0,0.0,0.0,0.0,0.0,0.0,0.0,0.0,0.0,0.0,0.0,0.0,0.0,0.0,0.0,0.0,0.0,0.0,0.0,0.0,0.0,0.0
DO,2022,DO,Dominican Republic,0,337757.0,7276353.0,340016.0,6039603.0,1911968.0,15998519.0,0.0,0.0,0.0,0.0,0.0,0.0,0.0,0.0,0.0,0.0,0.0,0.0,0.0,0.0,0.0,0.0,0.0,0.0,0.0,0.0,0.0,0.0,0.0,0.0
DZ,2021,DZ,Algeria,0,7060737.0,7060737.0,4884228.0,5609040.0,12545356.0,12545356.0,0.0,0.0,0.0,0.0,0.0,0.0,0.0,0.0,0.0,0.0,0.0,0.0,0.0,0.0,0.0,0.0,0.0,0.0,0.0,0.0,0.0,0.0,0.0,0.0
DZ,2022,DZ,Algeria,0,779394.0,7840131.0,872146.0,6481186.0,2722086.0,15267442.0,0.0,0.0,0.0,0.0,0.0,0.0,0.0,0.0,0.0,0.0,0.0,0.0,0.0,0.0,0.0,0.0,0.0,0.0,0.0,0.0,0.0,0.0,0.0,0.0
EC,2021,EC,Ecuador,0,14224587.0,14224604.0,12690466.0,12690467.0,27566314.0,27566331.0,0.0,0.0,0.0,0.0,0.0,0.0,0.0,0.0,0.0,0.0,0.0,0.0,0.0,0.0,0.0,0.0,0.0,0.0,0.0,0.0,0.0,0.0,0.0,0.0
EC,2022,EC,Ecuador,0,1012729.0,15237333.0,1397739.0,14088206.0,9694617.0,37260948.0,0.0,0.0,0.0,0.0,0.0,0.0,0.0,0.0,0.0,0.0,0.0,0.0,0.0,0.0,0.0,0.0,0.0,0.0,0.0,0.0,0.0,0.0,0.0,0.0
EE,2020,EE,Estonia,0,2284.0,2475.0,69.0,74.0,2284.0,2475.0,0.0,0.0,0.0,0.0,0.0,0.0,0.0,0.0,0.0,0.0,0.0,0.0,0.0,0.0,0.0,0.0,0.0,0.0,0.0,0.0,0.0,0.0,0.0,0.0
EE,2021,EE,Estonia,0,839700.0,842175.0,815070.0,815144.0,1806443.0,1808918.0,0.0,0.0,0.0,0.0,0.0,0.0,0.0,0.0,0.0,0.0,0.0,0.0,0.0,0.0,0.0,0.0,0.0,0.0,0.0,0.0,0.0,0.0,0.0,0.0
EE,2022,EE,Estonia,0,24354.0,866529.0,30700.0,845844.0,227454.0,2036372.0,0.0,0.0,0.0,0.0,0.0,0.0,0.0,0.0,0.0,0.0,0.0,0.0,0.0,0.0,0.0,0.0,0.0,0.0,0.0,0.0,0.0,0.0,0.0,0.0
EG,2021,EG,Egypt,0,33098284.0,33098284.0,20391536.0,20627388.0,52819190.0,52819190.0,0.0,0.0,0.0,0.0,0.0,0.0,0.0,0.0,0.0,0.0,0.0,0.0,0.0,0.0,0.0,0.0,0.0,0.0,0.0,0.0,0.0,0.0,0.0,0.0
EG,2022,EG,Egypt,0,19593102.0,52691386.0,18745367.0,39372755.0,45200516.0,98019706.0,0.0,0.0,0.0,0.0,0.0,0.0,0.0,0.0,0.0,0.0,0.0,0.0,0.0,0.0,0.0,0.0,0.0,0.0,0.0,0.0,0.0,0.0,0.0,0.0
ES,2021,ES,Spain,0,39581883.0,39664717.0,37867189.0,37869504.0,83446962.0,83529796.0,0.0,0.0,0.0,0.0,0.0,0.0,0.0,0.0,0.0,0.0,0.0,0.0,0.0,0.0,0.0,0.0,0.0,0.0,0.0,0.0,0.0,0.0,0.0,0.0
ES,2022,ES,Spain,0,1631411.0,41296128.0,2768464.0,40637968.0,12174526.0,95704322.0,0.0,0.0,0.0,0.0,0.0,0.0,0.0,0.0,0.0,0.0,0.0,0.0,0.0,0.0,0.0,0.0,0.0,0.0,0.0,0.0,0.0,0.0,0.0,0.0
ET,2021,ET,Ethiopia,0,8914163.0,9344163.0,0.0,0.0,10486152.0,10916152.0,0.0,0.0,0.0,0.0,0.0,0.0,0.0,0.0,0.0,0.0,0.0,0.0,0.0,0.0,0.0,0.0,0.0,0.0,0.0,0.0,0.0,0.0,0.0,0.0
ET,2022,ET,Ethiopia,0,33767079.0,43111242.0,18646528.0,36707357.0,41593262.0,52509414.0,0.0,0.0,0.0,0.0,0.0,0.0,0.0,0.0,0.0,0.0,0.0,0.0,0.0,0.0,0.0,0.0,0.0,0.0,0.0,0.0,0.0,0.0,0.0,0.0
FI,2021,FI,Finland,0,4275196.0,4275263.0,4085392.0,4085397.0,9616752.0,9616819.0,0.0,0.0,0.0,0.0,0.0,0.0,0.0,0.0,0.0,0.0,0.0,0.0,0.0,0.0,0.0,0.0,0.0,0.0,0.0,0.0,0.0,0.0,0.0,0.0
FI,2022,FI,Finland,0,246326.0,4521589.0,256896.0,4342293.0,3161761.0,12778580.0,0.0,0.0,0.0,0.0,0.0,0.0,0.0,0.0,0.0,0.0,0.0,0.0,0.0,0.0,0.0,0.0,0.0,0.0,0.0,0.0,0.0,0.0,0.0,0.0
FJ,2021,FJ,Fiji,0,661452.0,661452.0,602680.0,605593.0,1267045.0,1267045.0,0.0,0.0,0.0,0.0,0.0,0.0,0.0,0.0,0.0,0.0,0.0,0.0,0.0,0.0,0.0,0.0,0.0,0.0,0.0,0.0,0.0,0.0,0.0,0.0
FJ,2022,FJ,Fiji,0,48129.0,709581.0,32599.0,638192.0,271872.0,1538917.0,0.0,0.0,0.0,0.0,0.0,0.0,0.0,0.0,0.0,0.0,0.0,0.0,0.0,0.0,0.0,0.0,0.0,0.0,0.0,0.0,0.0,0.0,0.0,0.0
FK,2021,FK,Falkland Islands,0,2632.0,2632.0,58.0,1775.0,4407.0,4407.0,0.0,0.0,0.0,0.0,0.0,0.0,0.0,0.0,0.0,0.0,0.0,0.0,0.0,0.0,0.0,0.0,0.0,0.0,0.0,0.0,0.0,0.0,0.0,0.0
FO,2021,FO,Faroe Islands,0,37444.0,41437.0,40527.0,40528.0,92241.0,96235.0,0.0,0.0,0.0,0.0,0.0,0.0,0.0,0.0,0.0,0.0,0.0,0.0,0.0,0.0,0.0,0.0,0.0,0.0,0.0,0.0,0.0,0.0,0.0,0.0
FO,2022,FO,Faroe Islands,0,278.0,41715.0,367.0,40895.0,7659.0,103894.0,0.0,0.0,0.0,0.0,0.0,0.0,0.0,0.0,0.0,0.0,0.0,0.0,0.0,0.0,0.0,0.0,0.0,0.0,0.0,0.0,0.0,0.0,0.0,0.0
FR,2020,FR,France,0,2559.0,2559.0,157.0,157.0,2716.0,2716.0,0.0,0.0,0.0,0.0,0.0,0.0,0.0,0.0,0.0,0.0,0.0,0.0,0.0,0.0,0.0,0.0,0.0,0.0,0.0,0.0,0.0,0.0,0.0,0.0
FR,2021,FR,France,0,53213180.0,53215739.0,51857826.0,51857983.0,105071006.0,105073722.0,0.0,0.0,0.0,0.0,0.0,0.0,0.0,0.0,0.0,0.0,0.0,0.0,0.0,0.0,0.0,0.0,0.0,0.0,0.0,0.0,0.0,0.0,0.0,0.0
FR,2022,FR,France,0,1340166.0,54555905.0,1802106.0,53660089.0,3142272.0,108215994.0,0.0,0.0,0.0,0.0,0.0,0.0,0.0,0.0,0.0,0.0,0.0,0.0,0.0,0.0,0.0,0.0,0.0,0.0,0.0,0.0,0.0,0.0,0.0,0.0
GA,2021,GA,Gabon,0,219775.0,219775.0,173056.0,173123.0,392898.0,392898.0,0.0,0.0,0.0,0.0,0.0,0.0,0.0,0.0,0.0,0.0,0.0,0.0,0.0,0.0,0.0,0.0,0.0,0.0,0.0,0.0,0.0,0.0,0.0,0.0
GA,2022,GA,Gabon,0,90395.0,310170.0,83999.0,257122.0,176931.0,569829.0,0.0,0.0,0.0,0.0,0.0,0.0,0.0,0.0,0.0,0.0,0.0,0.0,0.0,0.0,0.0,0.0,0.0,0.0,0.0,0.0,0.0,0.0,0.0,0.0
GB,2021,GB,United Kingdom,0,49500196.0,51786768.0,47042852.0,47434251.0,96543048.0,99221019.0,0.0,0.0,0.0,0.0,0.0,0.0,0.0,0.0,0.0,0.0,0.0,0.0,0.0,0.0,0.0,0.0,0.0,0.0,0.0,0.0,0.0,0.0,0.0,0.0
GB,2022,GB,United Kingdom,0,2022086.0,53808854.0,3316471.0,50750722.0,5338557.0,104559576.0,0.0,0.0,0.0,0.0,0.0,0.0,0.0,0.0,0.0,0.0,0.0,0.0,0.0,0.0,0.0,0.0,0.0,0.0,0.0,0.0,0.0,0.0,0.0,0.0
GD,2021,GD,Grenada,0,41287.0,41287.0,35455.0,35457.0,78476.0,78476.0,0.0,0.0,0.0,0.0,0.0,0.0,0.0,0.0,0.0,0.0,0.0,0.0,0.0,0.0,0.0,0.0,0.0,0.0,0.0,0.0,0.0,0.0,0.0,0.0
GD,2022,GD,Grenada,0,2732.0,44019.0,3345.0,38802.0,11578.0,90054.0,0.0,0.0,0.0,0.0,0.0,0.0,0.0,0.0,0.0,0.0,0.0,0.0,0.0,0.0,0.0,0.0,0.0,0.0,0.0,0.0,0.0,0.0,0.0,0.0
GE,2021,GE,Georgia,0,1363896.0,1363896.0,1146075.0,1148962.0,2512858.0,2512858.0,0.0,0.0,0.0,0.0,0.0,0.0,0.0,0.0,0.0,0.0,0.0,0.0,0.0,0.0,0.0,0.0,0.0,0.0,0.0,0.0,0.0,0.0,0.0,0.0
GE,2022,GE,Georgia,0,281880.0,1645776.0,127211.0,1276173.0,409091.0,2921949.0,0.0,0.0,0.0,0.0,0.0,0.0,0.0,0.0,0.0,0.0,0.0,0.0,0.0,0.0,0.0,0.0,0.0,0.0,0.0,0.0,0.0,0.0,0.0,0.0
GG,2021,GG,Guernsey,0,26818.0,32969.0,13096.0,13618.0,99436.0,106109.0,0.0,0.0,0.0,0.0,0.0,0.0,0.0,0.0,0.0,0.0,0.0,0.0,0.0,0.0,0.0,0.0,0.0,0.0,0.0,0.0,0.0,0.0,0.0,0.0
GG,2022,GG,Guernsey,0,21177.0,54146.0,37733.0,51351.0,51599.0,157708.0,0.0,0.0,0.0,0.0,0.0,0.0,0.0,0.0,0.0,0.0,0.0,0.0,0.0,0.0,0.0,0.0,0.0,0.0,0.0,0.0,0.0,0.0,0.0,0.0
GH,2021,GH,Ghana,0,5774413.0,5774413.0,1957841.0,2334010.0,7755231.0,7755231.0,0.0,0.0,0.0,0.0,0.0,0.0,0.0,0.0,0.0,0.0,0.0,0.0,0.0,0.0,0.0,0.0,0.0,0.0,0.0,0.0,0.0,0.0,0.0,0.0
GH,2022,GH,Ghana,0,5597154.0,11371567.0,5917876.0,8251886.0,11299828.0,19055059.0,0.0,0.0,0.0,0.0,0.0,0.0,0.0,0.0,0.0,0.0,0.0,0.0,0.0,0.0,0.0,0.0,0.0,0.0,0.0,0.0,0.0,0.0,0.0,0.0
GI,2021,GI,Gibraltar,0,40753.0,41173.0,39665.0,40065.0,107903.0,108323.0,0.0,0.0,0.0,0.0,0.0,0.0,0.0,0.0,0.0,0.0,0.0,0.0,0.0,0.0,0.0,0.0,0.0,0.0,0.0,0.0,0.0,0.0,0.0,0.0
GI,2022,GI,Gibraltar,0,901.0,42074.0,1356.0,41421.0,11532.0,119855.0,0.0,0.0,0.0,0.0,0.0,0.0,0.0,0.0,0.0,0.0,0.0,0.0,0.0,0.0,0.0,0.0,0.0,0.0,0.0,0.0,0.0,0.0,0.0,0.0
GL,2021,GL,Greenland,0,37863.0,40447.0,36850.0,38053.0,75916.0,78500.0,0.0,0.0,0.0,0.0,0.0,0.0,0.0,0.0,0.0,0.0,0.0,0.0,0.0,0.0,0.0,0.0,0.0,0.0,0.0,0.0,0.0,0.0,0.0,0.0
GL,2022,GL,Greenland,0,796.0,41243.0,449.0,38502.0,1245.0,79745.0,0.0,0.0,0.0,0.0,0.0,0.0,0.0,0.0,0.0,0.0,0.0,0.0,0.0,0.0,0.0,0.0,0.0,0.0,0.0,0.0,0.0,0.0,0.0,0.0
GM,2021,GM,Gambia,0,263056.0,263056.0,239126.0,249515.0,294698.0,294698.0,0.0,0.0,0.0,0.0,0.0,0.0,0.0,0.0,0.0,0.0,0.0,0.0,0.0,0.0,0.0,0.0,0.0,0.0,0.0,0.0,0.0,0.0,0.0,0.0
GM,2022,GM,Gambia,0,189458.0,452514.0,107875.0,357390.0,521163.0,815861.0,0.0,0.0,0.0,0.0,0.0,0.0,0.0,0.0,0.0,0.0,0.0,0.0,0.0,0.0,0.0,0.0,0.0,0.0,0.0,0.0,0.0,0.0,0.0,0.0
GN,2021,GN,Guinea,0,2001504.0,2026767.0,922834.0,925486.0,2889608.0,2952253.0,0.0,0.0,0.0,0.0,0.0,0.0,0.0,0.0,0.0,0.0,0.0,0.0,0.0,0.0,0.0,0.0,0.0,0.0,0.0,0.0,0.0,0.0,0.0,0.0
GN,2022,GN,Guinea,0,3092160.0,5118927.0,1948098.0,2873584.0,4470941.0,7423194.0,0.0,0.0,0.0,0.0,0.0,0.0,0.0,0.0,0.0,0.0,0.0,0.0,0.0,0.0,0.0,0.0,0.0,0.0,0.0,0.0,0.0,0.0,0.0,0.0
GQ,2021,GQ,Equatorial Guinea,0,243511.0,249276.0,202590.0,203390.0,446101.0,452666.0,0.0,0.0,0.0,0.0,0.0,0.0,0.0,0.0,0.0,0.0,0.0,0.0,0.0,0.0,0.0,0.0,0.0,0.0,0.0,0.0,0.0,0.0,0.0,0.0
GQ,2022,GQ,Equatorial Guinea,0,20833.0,270109.0,10642.0,214032.0,36072.0,488738.0,0.0,0.0,0.0,0.0,0.0,0.0,0.0,0.0,0.0,0.0,0.0,0.0,0.0,0.0,0.0,0.0,0.0,0.0,0.0,0.0,0.0,0.0,0.0,0.0
GR,2020,GR,Greece,0,1892.0,2339.0,0.0,0.0,1892.0,2339.0,0.0,0.0,0.0,0.0,0.0,0.0,0.0,0.0,0.0,0.0,0.0,0.0,0.0,0.0,0.0,0.0,0.0,0.0,0.0,0.0,0.0,0.0,0.0,0.0
GR,2021,GR,Greece,0,7467030.0,7469369.0,7041131.0,7041133.0,17467158.0,17469497.0,0.0,0.0,0.0,0.0,0.0,0.0,0.0,0.0,0.0,0.0,0.0,0.0,0.0,0.0,0.0,0.0,0.0,0.0,0.0,0.0,0.0,0.0,0.0,0.0
GR,2022,GR,Greece,0,457669.0,7927038.0,595950.0,7637083.0,3889291.0,21358788.0,0.0,0.0,0.0,0.0,0.0,0.0,0.0,0.0,0.0,0.0,0.0,0.0,0.0,0.0,0.0,0.0,0.0,0.0,0.0,0.0,0.0,0.0,0.0,0.0
GT,2021,GT,Guatemala,0,6535250.0,6535250.0,4686513.0,4686883.0,11310579.0,11310579.0,0.0,0.0,0.0,0.0,0.0,0.0,0.0,0.0,0.0,0.0,0.0,0.0,0.0,0.0,0.0,0.0,0.0,0.0,0.0,0.0,0.0,0.0,0.0,0.0
GT,2022,GT,Guatemala,0,2200198.0,8735448.0,2161406.0,6848289.0,8162756.0,19473335.0,0.0,0.0,0.0,0.0,0.0,0.0,0.0,0.0,0.0,0.0,0.0,0.0,0.0,0.0,0.0,0.0,0.0,0.0,0.0,0.0,0.0,0.0,0.0,0.0
GW,2021,GW,Guinea-Bissau,0,384905.0,390794.0,22116.0,23144.0,408049.0,413938.0,0.0,0.0,0.0,0.0,0.0,0.0,0.0,0.0,0.0,0.0,0.0,0.0,0.0,0.0,0.0,0.0,0.0,0.0,0.0,0.0,0.0,0.0,0.0,0.0
GW,2022,GW,Guinea-Bissau,0,202282.0,593076.0,369315.0,392459.0,259153.0,673091.0,0.0,0.0,0.0,0.0,0.0,0.0,0.0,0.0,0.0,0.0,0.0,0.0,0.0,0.0,0.0,0.0,0.0,0.0,0.0,0.0,0.0,0.0,0.0,0.0
GY,2021,GY,Guyana,0,410499.0,410499.0,293560.0,294160.0,715724.0,715724.0,0.0,0.0,0.0,0.0,0.0,0.0,0.0,0.0,0.0,0.0,0.0,0.0,0.0,0.0,0.0,0.0,0.0,0.0,0.0,0.0,0.0,0.0,0.0,0.0
GY,2022,GY,Guyana,0,75392.0,485891.0,167445.0,461605.0,302245.0,1017969.0,0.0,0.0,0.0,0.0,0.0,0.0,0.0,0.0,0.0,0.0,0.0,0.0,0.0,0.0,0.0,0.0,0.0,0.0,0.0,0.0,0.0,0.0,0.0,0.0
HK,2021,HK,Hong Kong,0,4876238.0,4876285.0,4662003.0,4662004.0,9925439.0,9925486.0,0.0,0.0,0.0,0.0,0.0,0.0,0.0,0.0,0.0,0.0,0.0,0.0,0.0,0.0,0.0,0.0,0.0,0.0,0.0,0.0,0.0,0.0,0.0,0.0
HK,2022,HK,Hong Kong,0,1961211.0,6837496.0,1973356.0,6635360.0,9063242.0,18988728.0,0.0,0.0,0.0,0.0,0.0,0.0,0.0,0.0,0.0,0.0,0.0,0.0,0.0,0.0,0.0,0.0,0.0,0.0,0.0,0.0,0.0,0.0,0.0,0.0
HN,2021,HN,Honduras,0,4912678.0,4915362.0,4293966.0,4296605.0,9586380.0,9589064.0,0.0,0.0,0.0,0.0,0.0,0.0,0.0,0.0,0.0,0.0,0.0,0.0,0.0,0.0,0.0,0.0,0.0,0.0,0.0,0.0,0.0,0.0,0.0,0.0
HN,2022,HN,Honduras,0,1409288.0,6324650.0,1300548.0,5597153.0,5890783.0,15479847.0,0.0,0.0,0.0,0.0,0.0,0.0,0.0,0.0,0.0,0.0,0.0,0.0,0.0,0.0,0.0,0.0,0.0,0.0,0.0,0.0,0.0,0.0,0.0,0.0
HR,2020,HR,Croatia,0,0.0,7864.0,0.0,0.0,0.0,7864.0,0.0,0.0,0.0,0.0,0.0,0.0,0.0,0.0,0.0,0.0,0.0,0.0,0.0,0.0,0.0,0.0,0.0,0.0,0.0,0.0,0.0,0.0,0.0,0.0
HR,2021,HR,Croatia,0,2251529.0,2259393.0,1941633.0,1953540.0,4721887.0,4729751.0,0.0,0.0,0.0,0.0,0.0,0.0,0.0,0.0,0.0,0.0,0.0,0.0,0.0,0.0,0.0,0.0,0.0,0.0,0.0,0.0,0.0,0.0,0.0,0.0
HR,2022,HR,Croatia,0,58372.0,2317765.0,294441.0,2247981.0,546111.0,5275862.0,0.0,0.0,0.0,0.0,0.0,0.0,0.0,0.0,0.0,0.0,0.0,0.0,0.0,0.0,0.0,0.0,0.0,0.0,0.0,0.0,0.0,0.0,0.0,0.0
HT,2021,HT,Haiti,0,123898.0,123936.0,73239.0,73580.0,197137.0,197175.0,0.0,0.0,0.0,0.0,0.0,0.0,0.0,0.0,0.0,0.0,0.0,0.0,0.0,0.0,0.0,0.0,0.0,0.0,0.0,0.0,0.0,0.0,0.0,0.0
HT,2022,HT,Haiti,0,234969.0,358905.0,148065.0,221645.0,271330.0,468505.0,0.0,0.0,0.0,0.0,0.0,0.0,0.0,0.0,0.0,0.0,0.0,0.0,0.0,0.0,0.0,0.0,0.0,0.0,0.0,0.0,0.0,0.0,0.0,0.0
HU,2020,HU,Hungary,0,0.0,0.0,0.0,0.0,0.0,1094.0,0.0,0.0,0.0,0.0,0.0,0.0,0.0,0.0,0.0,0.0,0.0,0.0,0.0,0.0,0.0,0.0,0.0,0.0,0.0,0.0,0.0,0.0,0.0,0.0
HU,2021,HU,Hungary,0,6136375.0,6266064.0,5979926.0,5981569.0,15073542.0,15074636.0,0.0,0.0,0.0,0.0,0.0,0.0,0.0,0.0,0.0,0.0,0.0,0.0,0.0,0.0,0.0,0.0,0.0,0.0,0.0,0.0,0.0,0.0,0.0,0.0
HU,2022,HU,Hungary,0,151243.0,6417307.0,221940.0,6203509.0,1455852.0,16530488.0,0.0,0.0,0.0,0.0,0.0,0.0,0.0,0.0,0.0,0.0,0.0,0.0,0.0,0.0,0.0,0.0,0.0,0.0,0.0,0.0,0.0,0.0,0.0,0.0
ID,2021,ID,Indonesia,0,161082857.0,161082857.0,113660859.0,113666327.0,274749184.0,274749184.0,0.0,0.0,0.0,0.0,0.0,0.0,0.0,0.0,0.0,0.0,0.0,0.0,0.0,0.0,0.0,0.0,0.0,0.0,0.0,0.0,0.0,0.0,0.0,0.0
ID,2022,ID,Indonesia,0,42799494.0,203882351.0,56832328.0,170498655.0,161568371.0,436317555.0,0.0,0.0,0.0,0.0,0.0,0.0,0.0,0.0,0.0,0.0,0.0,0.0,0.0,0.0,0.0,0.0,0.0,0.0,0.0,0.0,0.0,0.0,0.0,0.0
IE,2020,IE,Ireland,0,2173.0,2408.0,5.0,21.0,2178.0,2428.0,0.0,0.0,0.0,0.0,0.0,0.0,0.0,0.0,0.0,0.0,0.0,0.0,0.0,0.0,0.0,0.0,0.0,0.0,0.0,0.0,0.0,0.0,0.0,0.0
IE,2021,IE,Ireland,0,3925645.0,3928053.0,3876574.0,3876595.0,9837597.0,9840025.0,0.0,0.0,0.0,0.0,0.0,0.0,0.0,0.0,0.0,0.0,0.0,0.0,0.0,0.0,0.0,0.0,0.0,0.0,0.0,0.0,0.0,0.0,0.0,0.0
IE,2022,IE,Ireland,0,167950.0,4096003.0,174052.0,4050647.0,1200361.0,11040386.0,0.0,0.0,0.0,0.0,0.0,0.0,0.0,0.0,0.0,0.0,0.0,0.0,0.0,0.0,0.0,0.0,0.0,0.0,0.0,0.0,0.0,0.0,0.0,0.0
IL,2020,IL,Israel,0,992058.0,992128.0,2.0,6.0,992060.0,992134.0,0.0,0.0,0.0,0.0,0.0,0.0,0.0,0.0,0.0,0.0,0.0,0.0,0.0,0.0,0.0,0.0,0.0,0.0,0.0,0.0,0.0,0.0,0.0,0.0
IL,2021,IL,Israel,0,5586152.0,6578280.0,5939929.0,5939935.0,15787233.0,16779367.0,0.0,0.0,0.0,0.0,0.0,0.0,0.0,0.0,0.0,0.0,0.0,0.0,0.0,0.0,0.0,0.0,0.0,0.0,0.0,0.0,0.0,0.0,0.0,0.0
IL,2022,IL,Israel,0,139282.0,6717562.0,213260.0,6153195.0,1445684.0,18225051.0,0.0,0.0,0.0,0.0,0.0,0.0,0.0,0.0,0.0,0.0,0.0,0.0,0.0,0.0,0.0,0.0,0.0,0.0,0.0,0.0,0.0,0.0,0.0,0.0
IM,2021,IM,Isle of Man,0,64893.0,68790.0,65142.0,65454.0,174258.0,177816.0,0.0,0.0,0.0,0.0,0.0,0.0,0.0,0.0,0.0,0.0,0.0,0.0,0.0,0.0,0.0,0.0,0.0,0.0,0.0,0.0,0.0,0.0,0.0,0.0
IM,2022,IM,Isle of Man,0,770.0,69560.0,1652.0,67106.0,12178.0,189994.0,0.0,0.0,0.0,0.0,0.0,0.0,0.0,0.0,0.0,0.0,0.0,0.0,0.0,0.0,0.0,0.0,0.0,0.0,0.0,0.0,0.0,0.0,0.0,0.0
IN,2021,IN,India,0,845640601.0,845640601.0,603217153.0,603224821.0,1448865422.0,1448865422.0,0.0,0.0,0.0,0.0,0.0,0.0,0.0,0.0,0.0,0.0,0.0,0.0,0.0,0.0,0.0,0.0,0.0,0.0,0.0,0.0,0.0,0.0,0.0,0.0
IN,2022,IN,India,0,179892031.0,1025532632.0,342408756.0,945633577.0,708285627.0,2157151049.0,0.0,0.0,0.0,0.0,0.0,0.0,0.0,0.0,0.0,0.0,0.0,0.0,0.0,0.0,0.0,0.0,0.0,0.0,0.0,0.0,0.0,0.0,0.0,0.0
IQ,2021,IQ,Iraq,0,8482581.0,8482581.0,5472591.0,5639110.0,14140578.0,14140578.0,0.0,0.0,0.0,0.0,0.0,0.0,0.0,0.0,0.0,0.0,0.0,0.0,0.0,0.0,0.0,0.0,0.0,0.0,0.0,0.0,0.0,0.0,0.0,0.0
IQ,2022,IQ,Iraq,0,2627729.0,11110310.0,2174028.0,7813138.0,5024513.0,19165091.0,0.0,0.0,0.0,0.0,0.0,0.0,0.0,0.0,0.0,0.0,0.0,0.0,0.0,0.0,0.0,0.0,0.0,0.0,0.0,0.0,0.0,0.0,0.0,0.0
IR,2021,IR,Iran,0,59498870.0,59498870.0,51093400.0,51194091.0,116210697.0,116210697.0,0.0,0.0,0.0,0.0,0.0,0.0,0.0,0.0,0.0,0.0,0.0,0.0,0.0,0.0,0.0,0.0,0.0,0.0,0.0,0.0,0.0,0.0,0.0,0.0
IR,2022,IR,Iran,0,5479952.0,64978822.0,7160015.0,58354106.0,37745440.0,153956137.0,0.0,0.0,0.0,0.0,0.0,0.0,0.0,0.0,0.0,0.0,0.0,0.0,0.0,0.0,0.0,0.0,0.0,0.0,0.0,0.0,0.0,0.0,0.0,0.0
IS,2020,IS,Iceland,0,0.0,4875.0,0.0,0.0,0.0,4875.0,0.0,0.0,0.0,0.0,0.0,0.0,0.0,0.0,0.0,0.0,0.0,0.0,0.0,0.0,0.0,0.0,0.0,0.0,0.0,0.0,0.0,0.0,0.0,0.0
IS,2021,IS,Iceland,0,283366.0,288241.0,283440.0,283920.0,712051.0,716926.0,0.0,0.0,0.0,0.0,0.0,0.0,0.0,0.0,0.0,0.0,0.0,0.0,0.0,0.0,0.0,0.0,0.0,0.0,0.0,0.0,0.0,0.0,0.0,0.0
IS,2022,IS,Iceland,0,21529.0,309770.0,6273.0,290193.0,88543.0,805469.0,0.0,0.0,0.0,0.0,0.0,0.0,0.0,0.0,0.0,0.0,0.0,0.0,0.0,0.0,0.0,0.0,0.0,0.0,0.0,0.0,0.0,0.0,0.0,0.0
IT,2020,IT,Italy,0,40720.0,40720.0,0.0,0.0,40790.0,40790.0,0.0,0.0,0.0,0.0,0.0,0.0,0.0,0.0,0.0,0.0,0.0,0.0,0.0,0.0,0.0,0.0,0.0,0.0,0.0,0.0,0.0,0.0,0.0,0.0
IT,2021,IT,Italy,0,46590824.0,46631544.0,43252195.0,43252195.0,111301371.0,111342161.0,0.0,0.0,0.0,0.0,0.0,0.0,0.0,0.0,0.0,0.0,0.0,0.0,0.0,0.0,0.0,0.0,0.0,0.0,0.0,0.0,0.0,0.0,0.0,0.0
IT,2022,IT,Italy,0,2231872.0,50834240.0,3211725.0,47964275.0,29124373.0,140516076.0,0.0,0.0,0.0,0.0,0.0,0.0,0.0,0.0,0.0,0.0,0.0,0.0,0.0,0.0,0.0,0.0,0.0,0.0,0.0,0.0,0.0,0.0,0.0,0.0
JE,2021,JE,Jersey,0,41330.0,81467.0,71376.0,76997.0,164177.0,209935.0,0.0,0.0,0.0,0.0,0.0,0.0,0.0,0.0,0.0,0.0,0.0,0.0,0.0,0.0,0.0,0.0,0.0,0.0,0.0,0.0,0.0,0.0,0.0,0.0
JE,2022,JE,Jersey,0,2486.0,83953.0,4323.0,81320.0,28527.0,238462.0,0.0,0.0,0.0,0.0,0.0,0.0,0.0,0.0,0.0,0.0,0.0,0.0,0.0,0.0,0.0,0.0,0.0,0.0,0.0,0.0,0.0,0.0,0.0,0.0
JM,2021,JM,Jamaica,0,712466.0,712466.0,559888.0,566887.0,1208785.0,1208785.0,0.0,0.0,0.0,0.0,0.0,0.0,0.0,0.0,0.0,0.0,0.0,0.0,0.0,0.0,0.0,0.0,0.0,0.0,0.0,0.0,0.0,0.0,0.0,0.0
JM,2022,JM,Jamaica,0,117864.0,830330.0,162228.0,729115.0,277645.0,1486430.0,0.0,0.0,0.0,0.0,0.0,0.0,0.0,0.0,0.0,0.0,0.0,0.0,0.0,0.0,0.0,0.0,0.0,0.0,0.0,0.0,0.0,0.0,0.0,0.0
JO,2021,JO,Jordan,0,4331942.0,4331942.0,3903851.0,3933851.0,8265793.0,8265793.0,0.0,0.0,0.0,0.0,0.0,0.0,0.0,0.0,0.0,0.0,0.0,0.0,0.0,0.0,0.0,0.0,0.0,0.0,0.0,0.0,0.0,0.0,0.0,0.0
JO,2022,JO,Jordan,0,489637.0,4821579.0,624462.0,4558313.0,1792182.0,10057975.0,0.0,0.0,0.0,0.0,0.0,0.0,0.0,0.0,0.0,0.0,0.0,0.0,0.0,0.0,0.0,0.0,0.0,0.0,0.0,0.0,0.0,0.0,0.0,0.0
JP,2021,JP,Japan,0,101193619.0,101193744.0,99702512.0,99702547.0,201936233.0,201936358.0,0.0,0.0,0.0,0.0,0.0,0.0,0.0,0.0,0.0,0.0,0.0,0.0,0.0,0.0,0.0,0.0,0.0,0.0,0.0,0.0,0.0,0.0,0.0,0.0
JP,2022,JP,Japan,0,2987677.0,104181421.0,3068420.0,102770967.0,118816376.0,320752734.0,0.0,0.0,0.0,0.0,0.0,0.0,0.0,0.0,0.0,0.0,0.0,0.0,0.0,0.0,0.0,0.0,0.0,0.0,0.0,0.0,0.0,0.0,0.0,0.0
KE,2021,KE,Kenya,0,5930258.0,5930258.0,4155629.0,4155832.0,10002184.0,10002184.0,0.0,0.0,0.0,0.0,0.0,0.0,0.0,0.0,0.0,0.0,0.0,0.0,0.0,0.0,0.0,0.0,0.0,0.0,0.0,0.0,0.0,0.0,0.0,0.0
KE,2022,KE,Kenya,0,7529894.0,13460152.0,5829855.0,9985687.0,11102690.0,21104874.0,0.0,0.0,0.0,0.0,0.0,0.0,0.0,0.0,0.0,0.0,0.0,0.0,0.0,0.0,0.0,0.0,0.0,0.0,0.0,0.0,0.0,0.0,0.0,0.0
KG,2021,KG,Kyrgyzstan,0,1231313.0,1231313.0,990115.0,990973.0,2255224.0,2255224.0,0.0,0.0,0.0,0.0,0.0,0.0,0.0,0.0,0.0,0.0,0.0,0.0,0.0,0.0,0.0,0.0,0.0,0.0,0.0,0.0,0.0,0.0,0.0,0.0
KG,2022,KG,Kyrgyzstan,0,363495.0,1594808.0,344066.0,1335039.0,974672.0,3229896.0,0.0,0.0,0.0,0.0,0.0,0.0,0.0,0.0,0.0,0.0,0.0,0.0,0.0,0.0,0.0,0.0,0.0,0.0,0.0,0.0,0.0,0.0,0.0,0.0
KH,2021,KH,Cambodia,0,14262170.0,14262170.0,13659454.0,13659518.0,30456720.0,30456720.0,0.0,0.0,0.0,0.0,0.0,0.0,0.0,0.0,0.0,0.0,0.0,0.0,0.0,0.0,0.0,0.0,0.0,0.0,0.0,0.0,0.0,0.0,0.0,0.0
KH,2022,KH,Cambodia,0,910329.0,15172499.0,853915.0,14513433.0,12923670.0,43380390.0,0.0,0.0,0.0,0.0,0.0,0.0,0.0,0.0,0.0,0.0,0.0,0.0,0.0,0.0,0.0,0.0,0.0,0.0,0.0,0.0,0.0,0.0,0.0,0.0
KI,2021,KI,Kiribati,0,59492.0,59492.0,15772.0,22675.0,82167.0,82167.0,0.0,0.0,0.0,0.0,0.0,0.0,0.0,0.0,0.0,0.0,0.0,0.0,0.0,0.0,0.0,0.0,0.0,0.0,0.0,0.0,0.0,0.0,0.0,0.0
KI,2022,KI,Kiribati,0,23282.0,82774.0,40201.0,62876.0,77716.0,159883.0,0.0,0.0,0.0,0.0,0.0,0.0,0.0,0.0,0.0,0.0,0.0,0.0,0.0,0.0,0.0,0.0,0.0,0.0,0.0,0.0,0.0,0.0,0.0,0.0
KM,2021,KM,Comoros,0,321968.0,335408.0,245551.0,246139.0,568107.0,581547.0,0.0,0.0,0.0,0.0,0.0,0.0,0.0,0.0,0.0,0.0,0.0,0.0,0.0,0.0,0.0,0.0,0.0,0.0,0.0,0.0,0.0,0.0,0.0,0.0
KM,2022,KM,Comoros,0,87847.0,423255.0,135893.0,382032.0,222856.0,804403.0,0.0,0.0,0.0,0.0,0.0,0.0,0.0,0.0,0.0,0.0,0.0,0.0,0.0,0.0,0.0,0.0,0.0,0.0,0.0,0.0,0.0,0.0,0.0,0.0
KN,2021,KN,Saint Kitts and Nevis,0,27615.0,27615.0,25492.0,25619.0,54868.0,54868.0,0.0,0.0,0.0,0.0,0.0,0.0,0.0,0.0,0.0,0.0,0.0,0.0,0.0,0.0,0.0,0.0,0.0,0.0,0.0,0.0,0.0,0.0,0.0,0.0
KN,2022,KN,Saint Kitts and Nevis,0,6179.0,33794.0,1325.0,26944.0,9357.0,64225.0,0.0,0.0,0.0,0.0,0.0,0.0,0.0,0.0,0.0,0.0,0.0,0.0,0.0,0.0,0.0,0.0,0.0,0.0,0.0,0.0,0.0,0.0,0.0,0.0
KR,2021,KR,South Korea,0,44274261.0,44313037.0,42644404.0,42655455.0,103889776.0,103939559.0,0.0,0.0,0.0,0.0,0.0,0.0,0.0,0.0,0.0,0.0,0.0,0.0,0.0,0.0,0.0,0.0,0.0,0.0,0.0,0.0,0.0,0.0,0.0,0.0
KR,2022,KR,South Korea,0,796177.0,45109214.0,2016307.0,44671762.0,25220997.0,129160556.0,0.0,0.0,0.0,0.0,0.0,0.0,0.0,0.0,0.0,0.0,0.0,0.0,0.0,0.0,0.0,0.0,0.0,0.0,0.0,0.0,0.0,0.0,0.0,0.0
KW,2020,KW,Kuwait,0,0.0,0.0,0.0,0.0,0.0,2500.0,0.0,0.0,0.0,0.0,0.0,0.0,0.0,0.0,0.0,0.0,0.0,0.0,0.0,0.0,0.0,0.0,0.0,0.0,0.0,0.0,0.0,0.0,0.0,0.0
KW,2021,KW,Kuwait,0,3197421.0,3334421.0,3178700.0,3216700.0,6940190.0,6942690.0,0.0,0.0,0.0,0.0,0.0,0.0,0.0,0.0,0.0,0.0,0.0,0.0,0.0,0.0,0.0,0.0,0.0,0.0,0.0,0.0,0.0,0.0,0.0,0.0
KW,2022,KW,Kuwait,0,109321.0,3443742.0,118854.0,3335554.0,1264103.0,8206793.0,0.0,0.0,0.0,0.0,0.0,0.0,0.0,0.0,0.0,0.0,0.0,0.0,0.0,0.0,0.0,0.0,0.0,0.0,0.0,0.0,0.0,0.0,0.0,0.0
KY,2020,KY,Cayman Islands,0,0.0,0.0,0.0,0.0,0.0,0.0,0.0,0.0,0.0,0.0,0.0,0.0,0.0,0.0,0.0,0.0,0.0,0.0,0.0,0.0,0.0,0.0,0.0,0.0,0.0,0.0,0.0,0.0,0.0,0.0
KY,2021,KY,Cayman Islands,0,58591.0,58591.0,53694.0,56891.0,130608.0,130608.0,0.0,0.0,0.0,0.0,0.0,0.0,0.0,0.0,0.0,0.0,0.0,0.0,0.0,0.0,0.0,0.0,0.0,0.0,0.0,0.0,0.0,0.0,0.0,0.0
KY,2022,KY,Cayman Islands,0,3072.0,61663.0,3254.0,60145.0,17552.0,148160.0,0.0,0.0,0.0,0.0,0.0,0.0,0.0,0.0,0.0,0.0,0.0,0.0,0.0,0.0,0.0,0.0,0.0,0.0,0.0,0.0,0.0,0.0,0.0,0.0
KZ,2021,KZ,Kazakhstan,0,8986163.0,8986163.0,8512973.0,8515110.0,17501273.0,17501273.0,0.0,0.0,0.0,0.0,0.0,0.0,0.0,0.0,0.0,0.0,0.0,0.0,0.0,0.0,0.0,0.0,0.0,0.0,0.0,0.0,0.0,0.0,0.0,0.0
KZ,2022,KZ,Kazakhstan,0,1843317.0,10829480.0,2065360.0,10580470.0,3417408.0,20918681.0,0.0,0.0,0.0,0.0,0.0,0.0,0.0,0.0,0.0,0.0,0.0,0.0,0.0,0.0,0.0,0.0,0.0,0.0,0.0,0.0,0.0,0.0,0.0,0.0
LA,2021,LA,Laos,0,3704008.0,3744740.0,3068722.0,3099003.0,5789289.0,5830021.0,0.0,0.0,0.0,0.0,0.0,0.0,0.0,0.0,0.0,0.0,0.0,0.0,0.0,0.0,0.0,0.0,0.0,0.0,0.0,0.0,0.0,0.0,0.0,0.0
LA,2022,LA,Laos,0,2143909.0,5888649.0,2123414.0,5222417.0,5281045.0,11111066.0,0.0,0.0,0.0,0.0,0.0,0.0,0.0,0.0,0.0,0.0,0.0,0.0,0.0,0.0,0.0,0.0,0.0,0.0,0.0,0.0,0.0,0.0,0.0,0.0
LB,2021,LB,Lebanon,0,2177409.0,2252750.0,1819447.0,1831322.0,4379487.0,4379487.0,0.0,0.0,0.0,0.0,0.0,0.0,0.0,0.0,0.0,0.0,0.0,0.0,0.0,0.0,0.0,0.0,0.0,0.0,0.0,0.0,0.0,0.0,0.0,0.0
LB,2022,LB,Lebanon,0,470942.0,2723692.0,567939.0,2399261.0,1386963.0,5766450.0,0.0,0.0,0.0,0.0,0.0,0.0,0.0,0.0,0.0,0.0,0.0,0.0,0.0,0.0,0.0,0.0,0.0,0.0,0.0,0.0,0.0,0.0,0.0,0.0
LC,2021,LC,Saint Lucia,0,55681.0,55681.0,32012.0,49313.0,104994.0,104994.0,0.0,0.0,0.0,0.0,0.0,0.0,0.0,0.0,0.0,0.0,0.0,0.0,0.0,0.0,0.0,0.0,0.0,0.0,0.0,0.0,0.0,0.0,0.0,0.0
LC,2022,LC,Saint Lucia,0,4292.0,59973.0,5467.0,54780.0,17558.0,122552.0,0.0,0.0,0.0,0.0,0.0,0.0,0.0,0.0,0.0,0.0,0.0,0.0,0.0,0.0,0.0,0.0,0.0,0.0,0.0,0.0,0.0,0.0,0.0,0.0
LI,2020,LI,Liechtenstein,0,0.0,0.0,0.0,0.0,0.0,0.0,0.0,0.0,0.0,0.0,0.0,0.0,0.0,0.0,0.0,0.0,0.0,0.0,0.0,0.0,0.0,0.0,0.0,0.0,0.0,0.0,0.0,0.0,0.0,0.0
LI,2021,LI,Liechtenstein,0,26154.0,26154.0,25602.0,25602.0,63016.0,63016.0,0.0,0.0,0.0,0.0,0.0,0.0,0.0,0.0,0.0,0.0,0.0,0.0,0.0,0.0,0.0,0.0,0.0,0.0,0.0,0.0,0.0,0.0,0.0,0.0
LI,2022,LI,Liechtenstein,0,343.0,26497.0,652.0,26254.0,8401.0,71417.0,0.0,0.0,0.0,0.0,0.0,0.0,0.0,0.0,0.0,0.0,0.0,0.0,0.0,0.0,0.0,0.0,0.0,0.0,0.0,0.0,0.0,0.0,0.0,0.0
LK,2021,LK,Sri Lanka,0,15991500.0,15991500.0,13837164.0,13843044.0,33841264.0,33841264.0,0.0,0.0,0.0,0.0,0.0,0.0,0.0,0.0,0.0,0.0,0.0,0.0,0.0,0.0,0.0,0.0,0.0,0.0,0.0,0.0,0.0,0.0,0.0,0.0
LK,2022,LK,Sri Lanka,0,1123119.0,17114619.0,801685.0,14644729.0,6087249.0,39928513.0,0.0,0.0,0.0,0.0,0.0,0.0,0.0,0.0,0.0,0.0,0.0,0.0,0.0,0.0,0.0,0.0,0.0,0.0,0.0,0.0,0.0,0.0,0.0,0.0
LR,2021,LR,Liberia,0,748434.0,784838.0,755123.0,755263.0,843909.0,880313.0,0.0,0.0,0.0,0.0,0.0,0.0,0.0,0.0,0.0,0.0,0.0,0.0,0.0,0.0,0.0,0.0,0.0,0.0,0.0,0.0,0.0,0.0,0.0,0.0
LR,2022,LR,Liberia,0,2718867.0,3503705.0,2194431.0,2949694.0,2625321.0,3505634.0,0.0,0.0,0.0,0.0,0.0,0.0,0.0,0.0,0.0,0.0,0.0,0.0,0.0,0.0,0.0,0.0,0.0,0.0,0.0,0.0,0.0,0.0,0.0,0.0
LS,2021,LS,Lesotho,0,782175.0,782175.0,727406.0,727528.0,857925.0,857925.0,0.0,0.0,0.0,0.0,0.0,0.0,0.0,0.0,0.0,0.0,0.0,0.0,0.0,0.0,0.0,0.0,0.0,0.0,0.0,0.0,0.0,0.0,0.0,0.0
LS,2022,LS,Lesotho,0,142073.0,924248.0,145133.0,872661.0,219191.0,1077116.0,0.0,0.0,0.0,0.0,0.0,0.0,0.0,0.0,0.0,0.0,0.0,0.0,0.0,0.0,0.0,0.0,0.0,0.0,0.0,0.0,0.0,0.0,0.0,0.0
LT,2020,LT,Lithuania,0,7338.0,9755.0,0.0,0.0,7338.0,9755.0,0.0,0.0,0.0,0.0,0.0,0.0,0.0,0.0,0.0,0.0,0.0,0.0,0.0,0.0,0.0,0.0,0.0,0.0,0.0,0.0,0.0,0.0,0.0,0.0
LT,2021,LT,Lithuania,0,1908055.0,1917810.0,1831079.0,1832173.0,4122117.0,4131872.0,0.0,0.0,0.0,0.0,0.0,0.0,0.0,0.0,0.0,0.0,0.0,0.0,0.0,0.0,0.0,0.0,0.0,0.0,0.0,0.0,0.0,0.0,0.0,0.0
LT,2022,LT,Lithuania,0,37088.0,1954898.0,46308.0,1878481.0,367791.0,4499663.0,0.0,0.0,0.0,0.0,0.0,0.0,0.0,0.0,0.0,0.0,0.0,0.0,0.0,0.0,0.0,0.0,0.0,0.0,0.0,0.0,0.0,0.0,0.0,0.0
LU,2020,LU,Luxembourg,0,1251.0,1251.0,0.0,0.0,1251.0,1252.0,0.0,0.0,0.0,0.0,0.0,0.0,0.0,0.0,0.0,0.0,0.0,0.0,0.0,0.0,0.0,0.0,0.0,0.0,0.0,0.0,0.0,0.0,0.0,0.0
LU,2021,LU,Luxembourg,0,463152.0,464403.0,37422.0,37869.0,1075171.0,1076423.0,0.0,0.0,0.0,0.0,0.0,0.0,0.0,0.0,0.0,0.0,0.0,0.0,0.0,0.0,0.0,0.0,0.0,0.0,0.0,0.0,0.0,0.0,0.0,0.0
LU,2022,LU,Luxembourg,0,17254.0,481657.0,425086.0,462955.0,267170.0,1343593.0,0.0,0.0,0.0,0.0,0.0,0.0,0.0,0.0,0.0,0.0,0.0,0.0,0.0,0.0,0.0,0.0,0.0,0.0,0.0,0.0,0.0,0.0,0.0,0.0
LV,2020,LV,Latvia,0,2333.0,2334.0,1.0,2.0,2335.0,2336.0,0.0,0.0,0.0,0.0,0.0,0.0,0.0,0.0,0.0,0.0,0.0,0.0,0.0,0.0,0.0,0.0,0.0,0.0,0.0,0.0,0.0,0.0,0.0,0.0
LV,2021,LV,Latvia,0,1311789.0,1314123.0,1262505.0,1262507.0,2553219.0,2555555.0,0.0,0.0,0.0,0.0,0.0,0.0,0.0,0.0,0.0,0.0,0.0,0.0,0.0,0.0,0.0,0.0,0.0,0.0,0.0,0.0,0.0,0.0,0.0,0.0
LV,2022,LV,Latvia,0,32061.0,1346184.0,43469.0,1305976.0,340161.0,2895716.0,0.0,0.0,0.0,0.0,0.0,0.0,0.0,0.0,0.0,0.0,0.0,0.0,0.0,0.0,0.0,0.0,0.0,0.0,0.0,0.0,0.0,0.0,0.0,0.0
LY,2021,LY,Libya,0,1853447.0,1854197.0,773627.0,825677.0,2679124.0,2679874.0,0.0,0.0,0.0,0.0,0.0,0.0,0.0,0.0,0.0,0.0,0.0,0.0,0.0,0.0,0.0,0.0,0.0,0.0,0.0,0.0,0.0,0.0,0.0,0.0
LY,2022,LY,Libya,0,450208.0,2304405.0,403015.0,1228692.0,1029331.0,3709205.0,0.0,0.0,0.0,0.0,0.0,0.0,0.0,0.0,0.0,0.0,0.0,0.0,0.0,0.0,0.0,0.0,0.0,0.0,0.0,0.0,0.0,0.0,0.0,0.0
MA,2021,MA,Morocco,0,22272889.0,24630172.0,22989742.0,22994609.0,50265580.0,50265580.0,0.0,0.0,0.0,0.0,0.0,0.0,0.0,0.0,0.0,0.0,0.0,0.0,0.0,0.0,0.0,0.0,0.0,0.0,0.0,0.0,0.0,0.0,0.0,0.0
MA,2022,MA,Morocco,0,365527.0,24995699.0,494531.0,23489140.0,4942048.0,55207628.0,0.0,0.0,0.0,0.0,0.0,0.0,0.0,0.0,0.0,0.0,0.0,0.0,0.0,0.0,0.0,0.0,0.0,0.0,0.0,0.0,0.0,0.0,0.0,0.0
MC,2020,MC,Monaco,0,0.0,0.0,0.0,0.0,0.0,0.0,0.0,0.0,0.0,0.0,0.0,0.0,0.0,0.0,0.0,0.0,0.0,0.0,0.0,0.0,0.0,0.0,0.0,0.0,0.0,0.0,0.0,0.0,0.0,0.0
MC,2021,MC,Monaco,0,20426.0,28875.0,18504.0,25667.0,65140.0,65140.0,0.0,0.0,0.0,0.0,0.0,0.0,0.0,0.0,0.0,0.0,0.0,0.0,0.0,0.0,0.0,0.0,0.0,0.0,0.0,0.0,0.0,0.0,0.0,0.0
MD,2021,MD,Moldova,0,986048.0,989897.0,974155.0,982152.0,1772664.0,1776513.0,0.0,0.0,0.0,0.0,0.0,0.0,0.0,0.0,0.0,0.0,0.0,0.0,0.0,0.0,0.0,0.0,0.0,0.0,0.0,0.0,0.0,0.0,0.0,0.0
MD,2022,MD,Moldova,0,93389.0,1083286.0,81273.0,1063425.0,389087.0,2165600.0,0.0,0.0,0.0,0.0,0.0,0.0,0.0,0.0,0.0,0.0,0.0,0.0,0.0,0.0,0.0,0.0,0.0,0.0,0.0,0.0,0.0,0.0,0.0,0.0
ME,2021,ME,Montenegro,0,283884.0,283884.0,272521.0,272853.0,634517.0,634517.0,0.0,0.0,0.0,0.0,0.0,0.0,0.0,0.0,0.0,0.0,0.0,0.0,0.0,0.0,0.0,0.0,0.0,0.0,0.0,0.0,0.0,0.0,0.0,0.0
ME,2022,ME,Montenegro,0,8899.0,292783.0,12016.0,284869.0,44654.0,679171.0,0.0,0.0,0.0,0.0,0.0,0.0,0.0,0.0,0.0,0.0,0.0,0.0,0.0,0.0,0.0,0.0,0.0,0.0,0.0,0.0,0.0,0.0,0.0,0.0
MG,2021,MG,Madagascar,0,588394.0,589003.0,356528.0,541160.0,741460.0,742069.0,0.0,0.0,0.0,0.0,0.0,0.0,0.0,0.0,0.0,0.0,0.0,0.0,0.0,0.0,0.0,0.0,0.0,0.0,0.0,0.0,0.0,0.0,0.0,0.0
MG,2022,MG,Madagascar,0,933372.0,1522375.0,919601.0,1460761.0,1067163.0,1809232.0,0.0,0.0,0.0,0.0,0.0,0.0,0.0,0.0,0.0,0.0,0.0,0.0,0.0,0.0,0.0,0.0,0.0,0.0,0.0,0.0,0.0,0.0,0.0,0.0
MH,2021,MH,Marshall Islands,0,25459.0,26082.0,22892.0,22893.0,47390.0,48029.0,0.0,0.0,0.0,0.0,0.0,0.0,0.0,0.0,0.0,0.0,0.0,0.0,0.0,0.0,0.0,0.0,0.0,0.0,0.0,0.0,0.0,0.0,0.0,0.0
MH,2022,MH,Marshall Islands,0,14947.0,41029.0,9860.0,32753.0,39443.0,87472.0,0.0,0.0,0.0,0.0,0.0,0.0,0.0,0.0,0.0,0.0,0.0,0.0,0.0,0.0,0.0,0.0,0.0,0.0,0.0,0.0,0.0,0.0,0.0,0.0
MK,2021,MK,Macedonia,0,842871.0,842871.0,792915.0,816777.0,1755026.0,1755026.0,0.0,0.0,0.0,0.0,0.0,0.0,0.0,0.0,0.0,0.0,0.0,0.0,0.0,0.0,0.0,0.0,0.0,0.0,0.0,0.0,0.0,0.0,0.0,0.0
MK,2022,MK,Macedonia,0,11385.0,854256.0,21006.0,837783.0,106028.0,1861054.0,0.0,0.0,0.0,0.0,0.0,0.0,0.0,0.0,0.0,0.0,0.0,0.0,0.0,0.0,0.0,0.0,0.0,0.0,0.0,0.0,0.0,0.0,0.0,0.0
ML,2021,ML,Mali,0,877525.0,877525.0,379745.0,392809.0,1057653.0,1057653.0,0.0,0.0,0.0,0.0,0.0,0.0,0.0,0.0,0.0,0.0,0.0,0.0,0.0,0.0,0.0,0.0,0.0,0.0,0.0,0.0,0.0,0.0,0.0,0.0
ML,2022,ML,Mali,0,1325653.0,2203178.0,1259639.0,1652448.0,1932648.0,2990301.0,0.0,0.0,0.0,0.0,0.0,0.0,0.0,0.0,0.0,0.0,0.0,0.0,0.0,0.0,0.0,0.0,0.0,0.0,0.0,0.0,0.0,0.0,0.0,0.0
MM,2021,MM,Myanmar,0,18829259.0,18829259.0,12989777.0,13029777.0,31859036.0,31859036.0,0.0,0.0,0.0,0.0,0.0,0.0,0.0,0.0,0.0,0.0,0.0,0.0,0.0,0.0,0.0,0.0,0.0,0.0,0.0,0.0,0.0,0.0,0.0,0.0
MM,2022,MM,Myanmar,0,15948055.0,34777314.0,14515552.0,27545329.0,32690958.0,64549994.0,0.0,0.0,0.0,0.0,0.0,0.0,0.0,0.0,0.0,0.0,0.0,0.0,0.0,0.0,0.0,0.0,0.0,0.0,0.0,0.0,0.0,0.0,0.0,0.0
MN,2021,MN,Mongolia,0,2262872.0,2265984.0,2141966.0,2163572.0,5340605.0,5340605.0,0.0,0.0,0.0,0.0,0.0,0.0,0.0,0.0,0.0,0.0,0.0,0.0,0.0,0.0,0.0,0.0,0.0,0.0,0.0,0.0,0.0,0.0,0.0,0.0
MN,2022,MN,Mongolia,0,6981.0,2272965.0,12045.0,2175617.0,152314.0,5492919.0,0.0,0.0,0.0,0.0,0.0,0.0,0.0,0.0,0.0,0.0,0.0,0.0,0.0,0.0,0.0,0.0,0.0,0.0,0.0,0.0,0.0,0.0,0.0,0.0
MO,2021,MO,Macau,0,451987.0,493104.0,444050.0,461609.0,972604.0,972604.0,0.0,0.0,0.0,0.0,0.0,0.0,0.0,0.0,0.0,0.0,0.0,0.0,0.0,0.0,0.0,0.0,0.0,0.0,0.0,0.0,0.0,0.0,0.0,0.0
MO,2022,MO,Macau,0,131304.0,624408.0,136725.0,598334.0,528645.0,1501249.0,0.0,0.0,0.0,0.0,0.0,0.0,0.0,0.0,0.0,0.0,0.0,0.0,0.0,0.0,0.0,0.0,0.0,0.0,0.0,0.0,0.0,0.0,0.0,0.0
MR,2021,MR,Mauritania,0,1166230.0,1166230.0,760809.0,767082.0,1937226.0,1937226.0,0.0,0.0,0.0,0.0,0.0,0.0,0.0,0.0,0.0,0.0,0.0,0.0,0.0,0.0,0.0,0.0,0.0,0.0,0.0,0.0,0.0,0.0,0.0,0.0
MR,2022,MR,Mauritania,0,838819.0,2005049.0,656817.0,1423899.0,1314394.0,3251620.0,0.0,0.0,0.0,0.0,0.0,0.0,0.0,0.0,0.0,0.0,0.0,0.0,0.0,0.0,0.0,0.0,0.0,0.0,0.0,0.0,0.0,0.0,0.0,0.0
MS,2021,MS,Montserrat,0,1547.0,1547.0,1432.0,1472.0,3020.0,3020.0,0.0,0.0,0.0,0.0,0.0,0.0,0.0,0.0,0.0,0.0,0.0,0.0,0.0,0.0,0.0,0.0,0.0,0.0,0.0,0.0,0.0,0.0,0.0,0.0
MS,2022,MS,Montserrat,0,539.0,2086.0,460.0,1932.0,1508.0,4528.0,0.0,0.0,0.0,0.0,0.0,0.0,0.0,0.0,0.0,0.0,0.0,0.0,0.0,0.0,0.0,0.0,0.0,0.0,0.0,0.0,0.0,0.0,0.0,0.0
MT,2021,MT,Malta,0,432910.0,444615.0,434676.0,435874.0,1060569.0,1072274.0,0.0,0.0,0.0,0.0,0.0,0.0,0.0,0.0,0.0,0.0,0.0,0.0,0.0,0.0,0.0,0.0,0.0,0.0,0.0,0.0,0.0,0.0,0.0,0.0
MT,2022,MT,Malta,0,33188.0,477803.0,34819.0,470693.0,262477.0,1334751.0,0.0,0.0,0.0,0.0,0.0,0.0,0.0,0.0,0.0,0.0,0.0,0.0,0.0,0.0,0.0,0.0,0.0,0.0,0.0,0.0,0.0,0.0,0.0,0.0
MU,2021,MU,Mauritius,0,937052.0,937052.0,901436.0,909900.0,2036896.0,2036896.0,0.0,0.0,0.0,0.0,0.0,0.0,0.0,0.0,0.0,0.0,0.0,0.0,0.0,0.0,0.0,0.0,0.0,0.0,0.0,0.0,0.0,0.0,0.0,0.0
MU,2022,MU,Mauritius,0,84882.0,1021934.0,67828.0,977728.0,544013.0,2580909.0,0.0,0.0,0.0,0.0,0.0,0.0,0.0,0.0,0.0,0.0,0.0,0.0,0.0,0.0,0.0,0.0,0.0,0.0,0.0,0.0,0.0,0.0,0.0,0.0
MV,2021,MV,Maldives,0,395899.0,396779.0,365729.0,367450.0,789274.0,790154.0,0.0,0.0,0.0,0.0,0.0,0.0,0.0,0.0,0.0,0.0,0.0,0.0,0.0,0.0,0.0,0.0,0.0,0.0,0.0,0.0,0.0,0.0,0.0,0.0
MV,2022,MV,Maldives,0,2304.0,399083.0,17485.0,384935.0,160622.0,950776.0,0.0,0.0,0.0,0.0,0.0,0.0,0.0,0.0,0.0,0.0,0.0,0.0,0.0,0.0,0.0,0.0,0.0,0.0,0.0,0.0,0.0,0.0,0.0,0.0
MW,2021,MW,Malawi,0,1487258.0,1492675.0,705750.0,705769.0,1795491.0,1800908.0,0.0,0.0,0.0,0.0,0.0,0.0,0.0,0.0,0.0,0.0,0.0,0.0,0.0,0.0,0.0,0.0,0.0,0.0,0.0,0.0,0.0,0.0,0.0,0.0
MW,2022,MW,Malawi,0,1548864.0,3041539.0,1542030.0,2247799.0,2522252.0,4323160.0,0.0,0.0,0.0,0.0,0.0,0.0,0.0,0.0,0.0,0.0,0.0,0.0,0.0,0.0,0.0,0.0,0.0,0.0,0.0,0.0,0.0,0.0,0.0,0.0
MX,2020,MX,Mexico,0,22074.0,24998.0,0.0,0.0,22074.0,24998.0,0.0,0.0,0.0,0.0,0.0,0.0,0.0,0.0,0.0,0.0,0.0,0.0,0.0,0.0,0.0,0.0,0.0,0.0,0.0,0.0,0.0,0.0,0.0,0.0
MX,2021,MX,Mexico,0,81891009.0,81916007.0,72778398.0,72780356.0,148789262.0,148814260.0,0.0,0.0,0.0,0.0,0.0,0.0,0.0,0.0,0.0,0.0,0.0,0.0,0.0,0.0,0.0,0.0,0.0,0.0,0.0,0.0,0.0,0.0,0.0,0.0
MX,2022,MX,Mexico,0,14456235.0,96372242.0,7167114.0,79947470.0,60859352.0,209673612.0,0.0,0.0,0.0,0.0,0.0,0.0,0.0,0.0,0.0,0.0,0.0,0.0,0.0,0.0,0.0,0.0,0.0,0.0,0.0,0.0,0.0,0.0,0.0,0.0
MY,2021,MY,Malaysia,0,25828573.0,26028924.0,25655453.0,25655453.0,57830574.0,57830574.0,13635596.0,13635596.0,13403015.0,13403015.0,0.0,0.0,0.0,0.0,0.0,0.0,0.0,0.0,0.0,0.0,0.0,0.0,0.0,0.0,10121715.0,190113.0,0.0,0.0,0.0,0.0
MY,2022,MY,Malaysia,0,2051891.0,28098246.0,1846946.0,27502399.0,14270552.0,72101126.0,1974006.0,15609602.0,1750947.0,15153962.0,0.0,0.0,0.0,0.0,0.0,0.0,0.0,0.0,0.0,0.0,0.0,0.0,0.0,0.0,72574.0,2840.0,0.0,0.0,0.0,0.0
MZ,2021,MZ,Mozambique,0,8633965.0,8633965.0,6025805.0,6084817.0,14718782.0,14718782.0,0.0,0.0,0.0,0.0,0.0,0.0,0.0,0.0,0.0,0.0,0.0,0.0,0.0,0.0,0.0,0.0,0.0,0.0,0.0,0.0,0.0,0.0,0.0,0.0
MZ,2022,MZ,Mozambique,0,4822338.0,13456303.0,6766797.0,12851614.0,9957878.0,24676660.0,0.0,0.0,0.0,0.0,0.0,0.0,0.0,0.0,0.0,0.0,0.0,0.0,0.0,0.0,0.0,0.0,0.0,0.0,0.0,0.0,0.0,0.0,0.0,0.0
NC,2021,NC,New Caledonia,0,181368.0,182486.0,172959.0,173231.0,354599.0,355717.0,0.0,0.0,0.0,0.0,0.0,0.0,0.0,0.0,0.0,0.0,0.0,0.0,0.0,0.0,0.0,0.0,0.0,0.0,0.0,0.0,0.0,0.0,0.0,0.0
NC,2022,NC,New Caledonia,0,9040.0,191526.0,10735.0,183966.0,113320.0,469037.0,0.0,0.0,0.0,0.0,0.0,0.0,0.0,0.0,0.0,0.0,0.0,0.0,0.0,0.0,0.0,0.0,0.0,0.0,0.0,0.0,0.0,0.0,0.0,0.0
NE,2021,NE,Niger,0,507223.0,507223.0,458465.0,464413.0,971636.0,971636.0,0.0,0.0,0.0,0.0,0.0,0.0,0.0,0.0,0.0,0.0,0.0,0.0,0.0,0.0,0.0,0.0,0.0,0.0,0.0,0.0,0.0,0.0,0.0,0.0
NE,2022,NE,Niger,0,3232856.0,3740079.0,2514349.0,2978762.0,3560146.0,4531782.0,0.0,0.0,0.0,0.0,0.0,0.0,0.0,0.0,0.0,0.0,0.0,0.0,0.0,0.0,0.0,0.0,0.0,0.0,0.0,0.0,0.0,0.0,0.0,0.0
NG,2021,NG,Nigeria,0,10310476.0,10310476.0,4474084.0,4482899.0,14838199.0,14838199.0,0.0,0.0,0.0,0.0,0.0,0.0,0.0,0.0,0.0,0.0,0.0,0.0,0.0,0.0,0.0,0.0,0.0,0.0,0.0,0.0,0.0,0.0,0.0,0.0
NG,2022,NG,Nigeria,0,33507019.0,43817495.0,26651818.0,31134717.0,52378129.0,67216328.0,0.0,0.0,0.0,0.0,0.0,0.0,0.0,0.0,0.0,0.0,0.0,0.0,0.0,0.0,0.0,0.0,0.0,0.0,0.0,0.0,0.0,0.0,0.0,0.0
NI,2021,NI,Nicaragua,0,4879356.0,4879356.0,2742911.0,2905785.0,7785141.0,7785141.0,0.0,0.0,0.0,0.0,0.0,0.0,0.0,0.0,0.0,0.0,0.0,0.0,0.0,0.0,0.0,0.0,0.0,0.0,0.0,0.0,0.0,0.0,0.0,0.0
NI,2022,NI,Nicaragua,0,1172348.0,6051704.0,2797458.0,5703243.0,3969806.0,11754947.0,0.0,0.0,0.0,0.0,0.0,0.0,0.0,0.0,0.0,0.0,0.0,0.0,0.0,0.0,0.0,0.0,0.0,0.0,0.0,0.0,0.0,0.0,0.0,0.0
NL,2021,NL,Netherlands,0,12582191.0,12616978.0,11759815.0,11782302.0,28475173.0,28509960.0,0.0,0.0,0.0,0.0,0.0,0.0,0.0,0.0,0.0,0.0,0.0,0.0,0.0,0.0,0.0,0.0,0.0,0.0,0.0,0.0,0.0,0.0,0.0,0.0
NL,2022,NL,Netherlands,0,158579.0,12775557.0,175350.0,11957652.0,7594982.0,36104942.0,0.0,0.0,0.0,0.0,0.0,0.0,0.0,0.0,0.0,0.0,0.0,0.0,0.0,0.0,0.0,0.0,0.0,0.0,0.0,0.0,0.0,0.0,0.0,0.0
NO,2020,NO,Norway,0,2421.0,2421.0,0.0,0.0,2421.0,2421.0,0.0,0.0,0.0,0.0,0.0,0.0,0.0,0.0,0.0,0.0,0.0,0.0,0.0,0.0,0.0,0.0,0.0,0.0,0.0,0.0,0.0,0.0,0.0,0.0
NO,2021,NO,Norway,0,4289608.0,4292029.0,3929007.0,3929019.0,9786092.0,9788513.0,0.0,0.0,0.0,0.0,0.0,0.0,0.0,0.0,0.0,0.0,0.0,0.0,0.0,0.0,0.0,0.0,0.0,0.0,0.0,0.0,0.0,0.0,0.0,0.0
NO,2022,NO,Norway,0,53009.0,4345038.0,123249.0,4052268.0,2056266.0,11844779.0,0.0,0.0,0.0,0.0,0.0,0.0,0.0,0.0,0.0,0.0,0.0,0.0,0.0,0.0,0.0,0.0,0.0,0.0,0.0,0.0,0.0,0.0,0.0,0.0
NP,2021,NP,Nepal,0,12138008.0,12251183.0,9375332.0,9737333.0,21988516.0,21988516.0,0.0,0.0,0.0,0.0,0.0,0.0,0.0,0.0,0.0,0.0,0.0,0.0,0.0,0.0,0.0,0.0,0.0,0.0,0.0,0.0,0.0,0.0,0.0,0.0
NP,2022,NP,Nepal,0,14467003.0,26718186.0,12587600.0,22324933.0,35027394.0,57015910.0,0.0,0.0,0.0,0.0,0.0,0.0,0.0,0.0,0.0,0.0,0.0,0.0,0.0,0.0,0.0,0.0,0.0,0.0,0.0,0.0,0.0,0.0,0.0,0.0
NR,2021,NR,Nauru,0,7612.0,7612.0,5437.0,7251.0,14863.0,14863.0,0.0,0.0,0.0,0.0,0.0,0.0,0.0,0.0,0.0,0.0,0.0,0.0,0.0,0.0,0.0,0.0,0.0,0.0,0.0,0.0,0.0,0.0,0.0,0.0
NR,2022,NR,Nauru,0,2881.0,10493.0,1334.0,8585.0,9142.0,24005.0,0.0,0.0,0.0,0.0,0.0,0.0,0.0,0.0,0.0,0.0,0.0,0.0,0.0,0.0,0.0,0.0,0.0,0.0,0.0,0.0,0.0,0.0,0.0,0.0
NU,2021,NU,Niue,0,1340.0,1340.0,1256.0,1288.0,2628.0,2628.0,0.0,0.0,0.0,0.0,0.0,0.0,0.0,0.0,0.0,0.0,0.0,0.0,0.0,0.0,0.0,0.0,0.0,0.0,0.0,0.0,0.0,0.0,0.0,0.0
NU,2022,NU,Niue,0,310.0,1650.0,148.0,1436.0,1552.0,4180.0,0.0,0.0,0.0,0.0,0.0,0.0,0.0,0.0,0.0,0.0,0.0,0.0,0.0,0.0,0.0,0.0,0.0,0.0,0.0,0.0,0.0,0.0,0.0,0.0
NZ,2021,NZ,New Zealand,0,3971711.0,3971712.0,3856063.0,3856064.0,8185380.0,8185381.0,0.0,0.0,0.0,0.0,0.0,0.0,0.0,0.0,0.0,0.0,0.0,0.0,0.0,0.0,0.0,0.0,0.0,0.0,0.0,0.0,0.0,0.0,0.0,0.0
NZ,2022,NZ,New Zealand,0,325508.0,4297220.0,275581.0,4131645.0,3549629.0,11735010.0,0.0,0.0,0.0,0.0,0.0,0.0,0.0,0.0,0.0,0.0,0.0,0.0,0.0,0.0,0.0,0.0,0.0,0.0,0.0,0.0,0.0,0.0,0.0,0.0
OM,2020,OM,Oman,0,4799.0,6516.0,0.0,0.0,4799.0,6516.0,0.0,0.0,0.0,0.0,0.0,0.0,0.0,0.0,0.0,0.0,0.0,0.0,0.0,0.0,0.0,0.0,0.0,0.0,0.0,0.0,0.0,0.0,0.0,0.0
OM,2021,OM,Oman,0,3115378.0,3121894.0,2901581.0,2902254.0,6111502.0,6118018.0,0.0,0.0,0.0,0.0,0.0,0.0,0.0,0.0,0.0,0.0,0.0,0.0,0.0,0.0,0.0,0.0,0.0,0.0,0.0,0.0,0.0,0.0,0.0,0.0
OM,2022,OM,Oman,0,149349.0,3271243.0,142507.0,3044761.0,971956.0,7089974.0,0.0,0.0,0.0,0.0,0.0,0.0,0.0,0.0,0.0,0.0,0.0,0.0,0.0,0.0,0.0,0.0,0.0,0.0,0.0,0.0,0.0,0.0,0.0,0.0
PA,2021,PA,Panama,0,3120161.0,3120802.0,2801876.0,2804103.0,6193103.0,6193744.0,0.0,0.0,0.0,0.0,0.0,0.0,0.0,0.0,0.0,0.0,0.0,0.0,0.0,0.0,0.0,0.0,0.0,0.0,0.0,0.0,0.0,0.0,0.0,0.0
PA,2022,PA,Panama,0,377759.0,3498561.0,340552.0,3144655.0,2387814.0,8581558.0,0.0,0.0,0.0,0.0,0.0,0.0,0.0,0.0,0.0,0.0,0.0,0.0,0.0,0.0,0.0,0.0,0.0,0.0,0.0,0.0,0.0,0.0,0.0,0.0
PE,2021,PE,Peru,0,24837267.0,24841029.0,22081402.0,22083549.0,51088663.0,51092425.0,0.0,0.0,0.0,0.0,0.0,0.0,0.0,0.0,0.0,0.0,0.0,0.0,0.0,0.0,0.0,0.0,0.0,0.0,0.0,0.0,0.0,0.0,0.0,0.0
PE,2022,PE,Peru,0,5000505.0,29841534.0,6081114.0,28164663.0,32532509.0,83624934.0,0.0,0.0,0.0,0.0,0.0,0.0,0.0,0.0,0.0,0.0,0.0,0.0,0.0,0.0,0.0,0.0,0.0,0.0,0.0,0.0,0.0,0.0,0.0,0.0
PF,2021,PF,French Polynesia,0,167862.0,169995.0,158685.0,159100.0,326962.0,329095.0,0.0,0.0,0.0,0.0,0.0,0.0,0.0,0.0,0.0,0.0,0.0,0.0,0.0,0.0,0.0,0.0,0.0,0.0,0.0,0.0,0.0,0.0,0.0,0.0
PF,2022,PF,French Polynesia,0,18357.0,188352.0,25391.0,184491.0,136323.0,465418.0,0.0,0.0,0.0,0.0,0.0,0.0,0.0,0.0,0.0,0.0,0.0,0.0,0.0,0.0,0.0,0.0,0.0,0.0,0.0,0.0,0.0,0.0,0.0,0.0
PG,2021,PG,Papua New Guinea,0,283915.0,283915.0,211751.0,220103.0,504018.0,504018.0,0.0,0.0,0.0,0.0,0.0,0.0,0.0,0.0,0.0,0.0,0.0,0.0,0.0,0.0,0.0,0.0,0.0,0.0,0.0,0.0,0.0,0.0,0.0,0.0
PG,2022,PG,Papua New Guinea,0,63838.0,347753.0,68201.0,288304.0,157226.0,661244.0,0.0,0.0,0.0,0.0,0.0,0.0,0.0,0.0,0.0,0.0,0.0,0.0,0.0,0.0,0.0,0.0,0.0,0.0,0.0,0.0,0.0,0.0,0.0,0.0
PH,2021,PH,Philippines,0,56110301.0,56110301.0,49625095.0,49626439.0,108534301.0,108534301.0,0.0,0.0,0.0,0.0,0.0,0.0,0.0,0.0,0.0,0.0,0.0,0.0,0.0,0.0,0.0,0.0,0.0,0.0,0.0,0.0,0.0,0.0,0.0,0.0
PH,2022,PH,Philippines,0,21142707.0,77253008.0,22942140.0,72568579.0,54309837.0,162844138.0,0.0,0.0,0.0,0.0,0.0,0.0,0.0,0.0,0.0,0.0,0.0,0.0,0.0,0.0,0.0,0.0,0.0,0.0,0.0,0.0,0.0,0.0,0.0,0.0
PK,2021,PK,Pakistan,0,96980678.0,96980678.0,69623949.0,70576467.0,156623021.0,156623021.0,0.0,0.0,0.0,0.0,0.0,0.0,0.0,0.0,0.0,0.0,0.0,0.0,0.0,0.0,0.0,0.0,0.0,0.0,0.0,0.0,0.0,0.0,0.0,0.0
PK,2022,PK,Pakistan,0,42286371.0,139267049.0,60865304.0,131441771.0,138005109.0,294628130.0,0.0,0.0,0.0,0.0,0.0,0.0,0.0,0.0,0.0,0.0,0.0,0.0,0.0,0.0,0.0,0.0,0.0,0.0,0.0,0.0,0.0,0.0,0.0,0.0
PL,2020,PL,Poland,0,47523.0,47523.0,0.0,0.0,47524.0,47524.0,0.0,0.0,0.0,0.0,0.0,0.0,0.0,0.0,0.0,0.0,0.0,0.0,0.0,0.0,0.0,0.0,0.0,0.0,0.0,0.0,0.0,0.0,0.0,0.0
PL,2021,PL,Poland,0,21657845.0,21705368.0,18473400.0,18473400.0,47056980.0,47104504.0,0.0,0.0,0.0,0.0,0.0,0.0,0.0,0.0,0.0,0.0,0.0,0.0,0.0,0.0,0.0,0.0,0.0,0.0,0.0,0.0,0.0,0.0,0.0,0.0
PL,2022,PL,Poland,0,1072581.0,22777884.0,1286062.0,22553665.0,9262462.0,56368050.0,0.0,0.0,0.0,0.0,0.0,0.0,0.0,0.0,0.0,0.0,0.0,0.0,0.0,0.0,0.0,0.0,0.0,0.0,0.0,0.0,0.0,0.0,0.0,0.0
PN,2021,PN,Pitcairn Islands,0,0.0,47.0,17.0,47.0,47.0,94.0,0.0,0.0,0.0,0.0,0.0,0.0,0.0,0.0,0.0,0.0,0.0,0.0,0.0,0.0,0.0,0.0,0.0,0.0,0.0,0.0,0.0,0.0,0.0,0.0
PN,2022,PN,Pitcairn Islands,0,0.0,47.0,0.0,47.0,23.0,117.0,0.0,0.0,0.0,0.0,0.0,0.0,0.0,0.0,0.0,0.0,0.0,0.0,0.0,0.0,0.0,0.0,0.0,0.0,0.0,0.0,0.0,0.0,0.0,0.0
PS,2021,PS,Palestine,0,0.0,1910794.0,0.0,1515699.0,0.0,3383211.0,0.0,0.0,0.0,0.0,0.0,0.0,0.0,0.0,0.0,0.0,0.0,0.0,0.0,0.0,0.0,0.0,0.0,0.0,0.0,0.0,0.0,0.0,0.0,0.0
PS,2022,PS,Palestine,0,0.0,2010433.0,0.0,1774298.0,0.0,3741181.0,0.0,0.0,0.0,0.0,0.0,0.0,0.0,0.0,0.0,0.0,0.0,0.0,0.0,0.0,0.0,0.0,0.0,0.0,0.0,0.0,0.0,0.0,0.0,0.0
PT,2021,PT,Portugal,0,9368799.0,9373966.0,8567577.0,8567581.0,19915390.0,19920563.0,0.0,0.0,0.0,0.0,0.0,0.0,0.0,0.0,0.0,0.0,0.0,0.0,0.0,0.0,0.0,0.0,0.0,0.0,0.0,0.0,0.0,0.0,0.0,0.0
PT,2022,PT,Portugal,0,377611.0,9751577.0,346793.0,8914374.0,4978732.0,24899295.0,0.0,0.0,0.0,0.0,0.0,0.0,0.0,0.0,0.0,0.0,0.0,0.0,0.0,0.0,0.0,0.0,0.0,0.0,0.0,0.0,0.0,0.0,0.0,0.0
PW,2021,PW,Palau,0,18349.0,18765.0,16531.0,16532.0,36554.0,36970.0,0.0,0.0,0.0,0.0,0.0,0.0,0.0,0.0,0.0,0.0,0.0,0.0,0.0,0.0,0.0,0.0,0.0,0.0,0.0,0.0,0.0,0.0,0.0,0.0
PW,2022,PW,Palau,0,1816.0,20581.0,1815.0,18347.0,12482.0,49452.0,0.0,0.0,0.0,0.0,0.0,0.0,0.0,0.0,0.0,0.0,0.0,0.0,0.0,0.0,0.0,0.0,0.0,0.0,0.0,0.0,0.0,0.0,0.0,0.0
PY,2021,PY,Paraguay,0,3469621.0,3469821.0,2948026.0,2948027.0,6833414.0,6833614.0,0.0,0.0,0.0,0.0,0.0,0.0,0.0,0.0,0.0,0.0,0.0,0.0,0.0,0.0,0.0,0.0,0.0,0.0,0.0,0.0,0.0,0.0,0.0,0.0
PY,2022,PY,Paraguay,0,517144.0,3986965.0,568845.0,3516872.0,2552520.0,9386134.0,0.0,0.0,0.0,0.0,0.0,0.0,0.0,0.0,0.0,0.0,0.0,0.0,0.0,0.0,0.0,0.0,0.0,0.0,0.0,0.0,0.0,0.0,0.0,0.0
QA,2020,QA,Qatar,0,0.0,0.0,0.0,0.0,0.0,0.0,0.0,0.0,0.0,0.0,0.0,0.0,0.0,0.0,0.0,0.0,0.0,0.0,0.0,0.0,0.0,0.0,0.0,0.0,0.0,0.0,0.0,0.0,0.0,0.0
QA,2021,QA,Qatar,0,2260308.0,2360308.0,1663310.0,2218292.0,5205664.0,5205664.0,0.0,0.0,0.0,0.0,0.0,0.0,0.0,0.0,0.0,0.0,0.0,0.0,0.0,0.0,0.0,0.0,0.0,0.0,0.0,0.0,0.0,0.0,0.0,0.0
QA,2022,QA,Qatar,0,425441.0,2785749.0,567457.0,2785749.0,2233086.0,7438750.0,0.0,0.0,0.0,0.0,0.0,0.0,0.0,0.0,0.0,0.0,0.0,0.0,0.0,0.0,0.0,0.0,0.0,0.0,0.0,0.0,0.0,0.0,0.0,0.0
RO,2020,RO,Romania,0,9324.0,10289.0,0.0,0.0,9324.0,10289.0,0.0,0.0,0.0,0.0,0.0,0.0,0.0,0.0,0.0,0.0,0.0,0.0,0.0,0.0,0.0,0.0,0.0,0.0,0.0,0.0,0.0,0.0,0.0,0.0
RO,2021,RO,Romania,0,5464218.0,5474507.0,7816340.0,7817215.0,15814620.0,15824909.0,0.0,0.0,0.0,0.0,0.0,0.0,0.0,0.0,0.0,0.0,0.0,0.0,0.0,0.0,0.0,0.0,0.0,0.0,0.0,0.0,0.0,0.0,0.0,0.0
RO,2022,RO,Romania,0,2707006.0,8181513.0,297554.0,8114769.0,1002577.0,16827486.0,0.0,0.0,0.0,0.0,0.0,0.0,0.0,0.0,0.0,0.0,0.0,0.0,0.0,0.0,0.0,0.0,0.0,0.0,0.0,0.0,0.0,0.0,0.0,0.0
RS,2021,RS,Serbia,0,3302157.0,3309157.0,3159869.0,3207534.0,8232799.0,8239799.0,0.0,0.0,0.0,0.0,0.0,0.0,0.0,0.0,0.0,0.0,0.0,0.0,0.0,0.0,0.0,0.0,0.0,0.0,0.0,0.0,0.0,0.0,0.0,0.0
RS,2022,RS,Serbia,0,44918.0,3354075.0,70664.0,3278198.0,294889.0,8534688.0,0.0,0.0,0.0,0.0,0.0,0.0,0.0,0.0,0.0,0.0,0.0,0.0,0.0,0.0,0.0,0.0,0.0,0.0,0.0,0.0,0.0,0.0,0.0,0.0
RU,2020,RU,Russia,0,23500.0,52000.0,0.0,0.0,23500.0,52000.0,0.0,0.0,0.0,0.0,0.0,0.0,0.0,0.0,0.0,0.0,0.0,0.0,0.0,0.0,0.0,0.0,0.0,0.0,0.0,0.0,0.0,0.0,0.0,0.0
RU,2021,RU,Russia,0,73772201.0,73824201.0,65681944.0,66773441.0,146312014.0,146364014.0,0.0,0.0,0.0,0.0,0.0,0.0,0.0,0.0,0.0,0.0,0.0,0.0,0.0,0.0,0.0,0.0,0.0,0.0,0.0,0.0,0.0,0.0,0.0,0.0
RU,2022,RU,Russia,0,10208672.0,84032873.0,9737428.0,76510869.0,29398388.0,175762402.0,0.0,0.0,0.0,0.0,0.0,0.0,0.0,0.0,0.0,0.0,0.0,0.0,0.0,0.0,0.0,0.0,0.0,0.0,0.0,0.0,0.0,0.0,0.0,0.0
RW,2021,RW,Rwanda,0,7629877.0,7629877.0,5385484.0,5435180.0,12588963.0,12588963.0,0.0,0.0,0.0,0.0,0.0,0.0,0.0,0.0,0.0,0.0,0.0,0.0,0.0,0.0,0.0,0.0,0.0,0.0,0.0,0.0,0.0,0.0,0.0,0.0
RW,2022,RW,Rwanda,0,3310265.0,10940142.0,5053584.0,10488764.0,13465339.0,26054302.0,0.0,0.0,0.0,0.0,0.0,0.0,0.0,0.0,0.0,0.0,0.0,0.0,0.0,0.0,0.0,0.0,0.0,0.0,0.0,0.0,0.0,0.0,0.0,0.0
SA,2021,SA,Saudi Arabia,0,9122924.0,25017090.0,21735792.0,23180879.0,50756280.0,50894142.0,0.0,0.0,0.0,0.0,0.0,0.0,0.0,0.0,0.0,0.0,0.0,0.0,0.0,0.0,0.0,0.0,0.0,0.0,0.0,0.0,0.0,0.0,0.0,0.0
SA,2022,SA,Saudi Arabia,0,1846873.0,26863963.0,2080930.0,25261809.0,16807759.0,67701901.0,0.0,0.0,0.0,0.0,0.0,0.0,0.0,0.0,0.0,0.0,0.0,0.0,0.0,0.0,0.0,0.0,0.0,0.0,0.0,0.0,0.0,0.0,0.0,0.0
SB,2021,SB,Solomon Islands,0,179973.0,179973.0,52466.0,55945.0,235918.0,235918.0,0.0,0.0,0.0,0.0,0.0,0.0,0.0,0.0,0.0,0.0,0.0,0.0,0.0,0.0,0.0,0.0,0.0,0.0,0.0,0.0,0.0,0.0,0.0,0.0
SB,2022,SB,Solomon Islands,0,124617.0,304590.0,145197.0,201142.0,287801.0,523719.0,0.0,0.0,0.0,0.0,0.0,0.0,0.0,0.0,0.0,0.0,0.0,0.0,0.0,0.0,0.0,0.0,0.0,0.0,0.0,0.0,0.0,0.0,0.0,0.0
SC,2021,SC,Seychelles,0,82348.0,82348.0,78258.0,78263.0,183472.0,183472.0,0.0,0.0,0.0,0.0,0.0,0.0,0.0,0.0,0.0,0.0,0.0,0.0,0.0,0.0,0.0,0.0,0.0,0.0,0.0,0.0,0.0,0.0,0.0,0.0
SC,2022,SC,Seychelles,0,3049.0,85397.0,2941.0,81204.0,30680.0,214152.0,0.0,0.0,0.0,0.0,0.0,0.0,0.0,0.0,0.0,0.0,0.0,0.0,0.0,0.0,0.0,0.0,0.0,0.0,0.0,0.0,0.0,0.0,0.0,0.0
SD,2021,SD,Sudan,0,2782463.0,2782463.0,1196455.0,1234386.0,3276654.0,3276654.0,0.0,0.0,0.0,0.0,0.0,0.0,0.0,0.0,0.0,0.0,0.0,0.0,0.0,0.0,0.0,0.0,0.0,0.0,0.0,0.0,0.0,0.0,0.0,0.0
SD,2022,SD,Sudan,0,3868805.0,6651268.0,3302578.0,4536964.0,4902356.0,8179010.0,0.0,0.0,0.0,0.0,0.0,0.0,0.0,0.0,0.0,0.0,0.0,0.0,0.0,0.0,0.0,0.0,0.0,0.0,0.0,0.0,0.0,0.0,0.0,0.0
SE,2021,SE,Sweden,0,7676210.0,7678097.0,7340861.0,7340934.0,17613180.0,17615657.0,0.0,0.0,0.0,0.0,0.0,0.0,0.0,0.0,0.0,0.0,0.0,0.0,0.0,0.0,0.0,0.0,0.0,0.0,0.0,0.0,0.0,0.0,0.0,0.0
SE,2022,SE,Sweden,0,167726.0,7845823.0,322085.0,7663019.0,5355774.0,22971431.0,0.0,0.0,0.0,0.0,0.0,0.0,0.0,0.0,0.0,0.0,0.0,0.0,0.0,0.0,0.0,0.0,0.0,0.0,0.0,0.0,0.0,0.0,0.0,0.0
SG,2020,SG,Singapore,0,5.0,135.0,0.0,0.0,5.0,135.0,0.0,0.0,0.0,0.0,0.0,0.0,0.0,0.0,0.0,0.0,0.0,0.0,0.0,0.0,0.0,0.0,0.0,0.0,0.0,0.0,0.0,0.0,0.0,0.0
SG,2021,SG,Singapore,0,4746906.0,4747041.0,4503211.0,4503212.0,11464446.0,11464581.0,0.0,0.0,0.0,0.0,0.0,0.0,0.0,0.0,0.0,0.0,0.0,0.0,0.0,0.0,0.0,0.0,0.0,0.0,0.0,0.0,0.0,0.0,0.0,0.0
SG,2022,SG,Singapore,0,277343.0,5024384.0,501481.0,5004693.0,2861713.0,14326294.0,0.0,0.0,0.0,0.0,0.0,0.0,0.0,0.0,0.0,0.0,0.0,0.0,0.0,0.0,0.0,0.0,0.0,0.0,0.0,0.0,0.0,0.0,0.0,0.0
SH,2021,SH,Saint Helena,0,4254.0,4361.0,3421.0,3531.0,7785.0,7892.0,0.0,0.0,0.0,0.0,0.0,0.0,0.0,0.0,0.0,0.0,0.0,0.0,0.0,0.0,0.0,0.0,0.0,0.0,0.0,0.0,0.0,0.0,0.0,0.0
SI,2020,SI,Slovenia,0,5291.0,11490.0,0.0,0.0,5291.0,11490.0,0.0,0.0,0.0,0.0,0.0,0.0,0.0,0.0,0.0,0.0,0.0,0.0,0.0,0.0,0.0,0.0,0.0,0.0,0.0,0.0,0.0,0.0,0.0,0.0
SI,2021,SI,Slovenia,0,1341845.0,1250439.0,1225032.0,1188990.0,2889397.0,2761948.0,0.0,0.0,0.0,0.0,0.0,0.0,0.0,0.0,0.0,0.0,0.0,0.0,0.0,0.0,0.0,0.0,0.0,0.0,0.0,0.0,0.0,0.0,0.0,0.0
SI,2022,SI,Slovenia,0,15363.0,1265802.0,33235.0,1222225.0,234695.0,2996643.0,0.0,0.0,0.0,0.0,0.0,0.0,0.0,0.0,0.0,0.0,0.0,0.0,0.0,0.0,0.0,0.0,0.0,0.0,0.0,0.0,0.0,0.0,0.0,0.0
SK,2021,SK,Slovakia,0,2729302.0,2728955.0,2438403.0,2438403.0,5167705.0,5167358.0,0.0,0.0,0.0,0.0,0.0,0.0,0.0,0.0,0.0,0.0,0.0,0.0,0.0,0.0,0.0,0.0,0.0,0.0,0.0,0.0,0.0,0.0,0.0,0.0
SK,2022,SK,Slovakia,0,64395.0,2822919.0,109489.0,2763844.0,177702.0,7074829.0,0.0,0.0,0.0,0.0,0.0,0.0,0.0,0.0,0.0,0.0,0.0,0.0,0.0,0.0,0.0,0.0,0.0,0.0,0.0,0.0,0.0,0.0,0.0,0.0
SL,2021,SL,Sierra Leone,0,703231.0,703231.0,360967.0,361089.0,868726.0,868726.0,0.0,0.0,0.0,0.0,0.0,0.0,0.0,0.0,0.0,0.0,0.0,0.0,0.0,0.0,0.0,0.0,0.0,0.0,0.0,0.0,0.0,0.0,0.0,0.0
SL,2022,SL,Sierra Leone,0,2201356.0,2904587.0,1828034.0,2189123.0,3072247.0,3940973.0,0.0,0.0,0.0,0.0,0.0,0.0,0.0,0.0,0.0,0.0,0.0,0.0,0.0,0.0,0.0,0.0,0.0,0.0,0.0,0.0,0.0,0.0,0.0,0.0
SM,2021,SM,San Marino,0,24271.0,24306.0,21596.0,21625.0,53907.0,53942.0,0.0,0.0,0.0,0.0,0.0,0.0,0.0,0.0,0.0,0.0,0.0,0.0,0.0,0.0,0.0,0.0,0.0,0.0,0.0,0.0,0.0,0.0,0.0,0.0
SM,2022,SM,San Marino,0,2051.0,26357.0,2008.0,23633.0,15396.0,69338.0,0.0,0.0,0.0,0.0,0.0,0.0,0.0,0.0,0.0,0.0,0.0,0.0,0.0,0.0,0.0,0.0,0.0,0.0,0.0,0.0,0.0,0.0,0.0,0.0
SN,2021,SN,Senegal,0,1316401.0,1316401.0,849763.0,918359.0,1903098.0,1903098.0,0.0,0.0,0.0,0.0,0.0,0.0,0.0,0.0,0.0,0.0,0.0,0.0,0.0,0.0,0.0,0.0,0.0,0.0,0.0,0.0,0.0,0.0,0.0,0.0
SN,2022,SN,Senegal,0,157394.0,1473795.0,172041.0,1090400.0,566401.0,2469499.0,0.0,0.0,0.0,0.0,0.0,0.0,0.0,0.0,0.0,0.0,0.0,0.0,0.0,0.0,0.0,0.0,0.0,0.0,0.0,0.0,0.0,0.0,0.0,0.0
SO,2021,SO,Somalia,0,1085564.0,1203131.0,809068.0,810010.0,1387347.0,1504914.0,0.0,0.0,0.0,0.0,0.0,0.0,0.0,0.0,0.0,0.0,0.0,0.0,0.0,0.0,0.0,0.0,0.0,0.0,0.0,0.0,0.0,0.0,0.0,0.0
SO,2022,SO,Somalia,0,2582550.0,3785681.0,1848285.0,2658295.0,3257397.0,4762311.0,0.0,0.0,0.0,0.0,0.0,0.0,0.0,0.0,0.0,0.0,0.0,0.0,0.0,0.0,0.0,0.0,0.0,0.0,0.0,0.0,0.0,0.0,0.0,0.0
SR,2021,SR,Suriname,0,261545.0,261545.0,228171.0,228253.0,489798.0,489798.0,0.0,0.0,0.0,0.0,0.0,0.0,0.0,0.0,0.0,0.0,0.0,0.0,0.0,0.0,0.0,0.0,0.0,0.0,0.0,0.0,0.0,0.0,0.0,0.0
SR,2022,SR,Suriname,0,6275.0,267820.0,9626.0,237879.0,15901.0,505699.0,0.0,0.0,0.0,0.0,0.0,0.0,0.0,0.0,0.0,0.0,0.0,0.0,0.0,0.0,0.0,0.0,0.0,0.0,0.0,0.0,0.0,0.0,0.0,0.0
SS,2021,SS,South Sudan,0,227262.0,227262.0,180064.0,181577.0,268640.0,268640.0,0.0,0.0,0.0,0.0,0.0,0.0,0.0,0.0,0.0,0.0,0.0,0.0,0.0,0.0,0.0,0.0,0.0,0.0,0.0,0.0,0.0,0.0,0.0,0.0
SS,2022,SS,South Sudan,0,1621745.0,1849007.0,1625451.0,1807028.0,1630657.0,1899297.0,0.0,0.0,0.0,0.0,0.0,0.0,0.0,0.0,0.0,0.0,0.0,0.0,0.0,0.0,0.0,0.0,0.0,0.0,0.0,0.0,0.0,0.0,0.0,0.0
ST,2021,ST,São Tomé and Príncipe,0,86396.0,86396.0,49081.0,51216.0,137612.0,137612.0,0.0,0.0,0.0,0.0,0.0,0.0,0.0,0.0,0.0,0.0,0.0,0.0,0.0,0.0,0.0,0.0,0.0,0.0,0.0,0.0,0.0,0.0,0.0,0.0
ST,2022,ST,São Tomé and Príncipe,0,40765.0,127161.0,51667.0,102883.0,89196.0,226808.0,0.0,0.0,0.0,0.0,0.0,0.0,0.0,0.0,0.0,0.0,0.0,0.0,0.0,0.0,0.0,0.0,0.0,0.0,0.0,0.0,0.0,0.0,0.0,0.0
SV,2021,SV,El Salvador,0,4483699.0,4483699.0,4154416.0,4156783.0,9620698.0,9620698.0,0.0,0.0,0.0,0.0,0.0,0.0,0.0,0.0,0.0,0.0,0.0,0.0,0.0,0.0,0.0,0.0,0.0,0.0,0.0,0.0,0.0,0.0,0.0,0.0
SV,2022,SV,El Salvador,0,146338.0,4630037.0,173860.0,4330643.0,1507284.0,11127982.0,0.0,0.0,0.0,0.0,0.0,0.0,0.0,0.0,0.0,0.0,0.0,0.0,0.0,0.0,0.0,0.0,0.0,0.0,0.0,0.0,0.0,0.0,0.0,0.0
SX,2021,SX,Sint Maarten,0,12463.0,27141.0,15207.0,25163.0,27670.0,52304.0,0.0,0.0,0.0,0.0,0.0,0.0,0.0,0.0,0.0,0.0,0.0,0.0,0.0,0.0,0.0,0.0,0.0,0.0,0.0,0.0,0.0,0.0,0.0,0.0
SX,2022,SX,Sint Maarten,0,1361.0,28502.0,1352.0,26515.0,11723.0,64027.0,0.0,0.0,0.0,0.0,0.0,0.0,0.0,0.0,0.0,0.0,0.0,0.0,0.0,0.0,0.0,0.0,0.0,0.0,0.0,0.0,0.0,0.0,0.0,0.0
SY,2021,SY,Syria,0,1194896.0,1194896.0,775646.0,781603.0,1753522.0,1753522.0,0.0,0.0,0.0,0.0,0.0,0.0,0.0,0.0,0.0,0.0,0.0,0.0,0.0,0.0,0.0,0.0,0.0,0.0,0.0,0.0,0.0,0.0,0.0,0.0
SY,2022,SY,Syria,0,1745199.0,2940095.0,1242132.0,2023735.0,2830079.0,4583601.0,0.0,0.0,0.0,0.0,0.0,0.0,0.0,0.0,0.0,0.0,0.0,0.0,0.0,0.0,0.0,0.0,0.0,0.0,0.0,0.0,0.0,0.0,0.0,0.0
SZ,2021,SZ,Swaziland,0,334088.0,334088.0,293165.0,301243.0,399616.0,399616.0,0.0,0.0,0.0,0.0,0.0,0.0,0.0,0.0,0.0,0.0,0.0,0.0,0.0,0.0,0.0,0.0,0.0,0.0,0.0,0.0,0.0,0.0,0.0,0.0
SZ,2022,SZ,Swaziland,0,157627.0,491715.0,188377.0,489620.0,372671.0,772287.0,0.0,0.0,0.0,0.0,0.0,0.0,0.0,0.0,0.0,0.0,0.0,0.0,0.0,0.0,0.0,0.0,0.0,0.0,0.0,0.0,0.0,0.0,0.0,0.0
TC,2021,TC,Turks and Caicos Islands,0,29210.0,29210.0,17133.0,27133.0,56343.0,56343.0,0.0,0.0,0.0,0.0,0.0,0.0,0.0,0.0,0.0,0.0,0.0,0.0,0.0,0.0,0.0,0.0,0.0,0.0,0.0,0.0,0.0,0.0,0.0,0.0
TC,2022,TC,Turks and Caicos Islands,0,3128.0,32338.0,3155.0,30288.0,16494.0,72837.0,0.0,0.0,0.0,0.0,0.0,0.0,0.0,0.0,0.0,0.0,0.0,0.0,0.0,0.0,0.0,0.0,0.0,0.0,0.0,0.0,0.0,0.0,0.0,0.0
TD,2021,TD,Chad,0,199935.0,205259.0,76979.0,80663.0,280598.0,285922.0,0.0,0.0,0.0,0.0,0.0,0.0,0.0,0.0,0.0,0.0,0.0,0.0,0.0,0.0,0.0,0.0,0.0,0.0,0.0,0.0,0.0,0.0,0.0,0.0
TD,2022,TD,Chad,0,3533934.0,3739193.0,3530954.0,3611617.0,3591006.0,3876928.0,0.0,0.0,0.0,0.0,0.0,0.0,0.0,0.0,0.0,0.0,0.0,0.0,0.0,0.0,0.0,0.0,0.0,0.0,0.0,0.0,0.0,0.0,0.0,0.0
TG,2021,TG,Togo,0,1391738.0,1391738.0,979718.0,1020872.0,2413619.0,2413619.0,0.0,0.0,0.0,0.0,0.0,0.0,0.0,0.0,0.0,0.0,0.0,0.0,0.0,0.0,0.0,0.0,0.0,0.0,0.0,0.0,0.0,0.0,0.0,0.0
TG,2022,TG,Togo,0,767263.0,2159001.0,409690.0,1430562.0,860470.0,3274089.0,0.0,0.0,0.0,0.0,0.0,0.0,0.0,0.0,0.0,0.0,0.0,0.0,0.0,0.0,0.0,0.0,0.0,0.0,0.0,0.0,0.0,0.0,0.0,0.0
TH,2021,TH,Thailand,0,51410504.0,51410504.0,46313342.0,46319204.0,105160269.0,105160269.0,0.0,0.0,0.0,0.0,0.0,0.0,0.0,0.0,0.0,0.0,0.0,0.0,0.0,0.0,0.0,0.0,0.0,0.0,0.0,0.0,0.0,0.0,0.0,0.0
TH,2022,TH,Thailand,0,5561620.0,56972124.0,7107272.0,53426476.0,37127112.0,142287381.0,0.0,0.0,0.0,0.0,0.0,0.0,0.0,0.0,0.0,0.0,0.0,0.0,0.0,0.0,0.0,0.0,0.0,0.0,0.0,0.0,0.0,0.0,0.0,0.0
TJ,2021,TJ,Tajikistan,0,3640461.0,3709690.0,2883136.0,2895535.0,6535996.0,6605225.0,0.0,0.0,0.0,0.0,0.0,0.0,0.0,0.0,0.0,0.0,0.0,0.0,0.0,0.0,0.0,0.0,0.0,0.0,0.0,0.0,0.0,0.0,0.0,0.0
TJ,2022,TJ,Tajikistan,0,1573173.0,5282863.0,2225027.0,5120562.0,8836155.0,15441380.0,0.0,0.0,0.0,0.0,0.0,0.0,0.0,0.0,0.0,0.0,0.0,0.0,0.0,0.0,0.0,0.0,0.0,0.0,0.0,0.0,0.0,0.0,0.0,0.0
TK,2021,TK,Tokelau,0,968.0,968.0,0.0,968.0,1936.0,1936.0,0.0,0.0,0.0,0.0,0.0,0.0,0.0,0.0,0.0,0.0,0.0,0.0,0.0,0.0,0.0,0.0,0.0,0.0,0.0,0.0,0.0,0.0,0.0,0.0
TK,2022,TK,Tokelau,0,371.0,1339.0,157.0,1125.0,1390.0,3326.0,0.0,0.0,0.0,0.0,0.0,0.0,0.0,0.0,0.0,0.0,0.0,0.0,0.0,0.0,0.0,0.0,0.0,0.0,0.0,0.0,0.0,0.0,0.0,0.0
TL,2021,TL,East Timor,0,660334.0,662963.0,533026.0,533027.0,1193361.0,1195990.0,0.0,0.0,0.0,0.0,0.0,0.0,0.0,0.0,0.0,0.0,0.0,0.0,0.0,0.0,0.0,0.0,0.0,0.0,0.0,0.0,0.0,0.0,0.0,0.0
TL,2022,TL,East Timor,0,187258.0,850221.0,210599.0,743626.0,601952.0,1797942.0,0.0,0.0,0.0,0.0,0.0,0.0,0.0,0.0,0.0,0.0,0.0,0.0,0.0,0.0,0.0,0.0,0.0,0.0,0.0,0.0,0.0,0.0,0.0,0.0
TM,2021,TM,Turkmenistan,0,0.0,32240.0,0.0,19506.0,0.0,51746.0,0.0,0.0,0.0,0.0,0.0,0.0,0.0,0.0,0.0,0.0,0.0,0.0,0.0,0.0,0.0,0.0,0.0,0.0,0.0,0.0,0.0,0.0,0.0,0.0
TM,2022,TM,Turkmenistan,0,2937760.0,2970000.0,2900494.0,2920000.0,7088254.0,7140000.0,0.0,0.0,0.0,0.0,0.0,0.0,0.0,0.0,0.0,0.0,0.0,0.0,0.0,0.0,0.0,0.0,0.0,0.0,0.0,0.0,0.0,0.0,0.0,0.0
TN,2021,TN,Tunisia,0,6889208.0,6889208.0,5918009.0,5921997.0,12156566.0,12156566.0,0.0,0.0,0.0,0.0,0.0,0.0,0.0,0.0,0.0,0.0,0.0,0.0,0.0,0.0,0.0,0.0,0.0,0.0,0.0,0.0,0.0,0.0,0.0,0.0
TN,2022,TN,Tunisia,0,2007640.0,8896848.0,460158.0,6382155.0,2670589.0,14827155.0,0.0,0.0,0.0,0.0,0.0,0.0,0.0,0.0,0.0,0.0,0.0,0.0,0.0,0.0,0.0,0.0,0.0,0.0,0.0,0.0,0.0,0.0,0.0,0.0
TO,2021,TO,Tonga,0,71322.0,73609.0,55278.0,56627.0,127949.0,130236.0,0.0,0.0,0.0,0.0,0.0,0.0,0.0,0.0,0.0,0.0,0.0,0.0,0.0,0.0,0.0,0.0,0.0,0.0,0.0,0.0,0.0,0.0,0.0,0.0
TO,2022,TO,Tonga,0,17110.0,90719.0,19977.0,76604.0,74702.0,204938.0,0.0,0.0,0.0,0.0,0.0,0.0,0.0,0.0,0.0,0.0,0.0,0.0,0.0,0.0,0.0,0.0,0.0,0.0,0.0,0.0,0.0,0.0,0.0,0.0
TR,2021,TR,Turkey,0,53846446.0,56914268.0,51268362.0,51604894.0,131646005.0,131646005.0,0.0,0.0,0.0,0.0,0.0,0.0,0.0,0.0,0.0,0.0,0.0,0.0,0.0,0.0,0.0,0.0,0.0,0.0,0.0,0.0,0.0,0.0,0.0,0.0
TR,2022,TR,Turkey,0,1008007.0,57922275.0,1550203.0,53155097.0,20537116.0,152183121.0,0.0,0.0,0.0,0.0,0.0,0.0,0.0,0.0,0.0,0.0,0.0,0.0,0.0,0.0,0.0,0.0,0.0,0.0,0.0,0.0,0.0,0.0,0.0,0.0
TT,2021,TT,Trinidad and Tobago,0,712256.0,712256.0,668521.0,668717.0,1408384.0,1408384.0,0.0,0.0,0.0,0.0,0.0,0.0,0.0,0.0,0.0,0.0,0.0,0.0,0.0,0.0,0.0,0.0,0.0,0.0,0.0,0.0,0.0,0.0,0.0,0.0
TT,2022,TT,Trinidad and Tobago,0,41185.0,753441.0,48012.0,716729.0,172145.0,1580529.0,0.0,0.0,0.0,0.0,0.0,0.0,0.0,0.0,0.0,0.0,0.0,0.0,0.0,0.0,0.0,0.0,0.0,0.0,0.0,0.0,0.0,0.0,0.0,0.0
TV,2021,TV,Tuvalu,0,3830.0,6230.0,3583.0,5884.0,9714.0,12114.0,0.0,0.0,0.0,0.0,0.0,0.0,0.0,0.0,0.0,0.0,0.0,0.0,0.0,0.0,0.0,0.0,0.0,0.0,0.0,0.0,0.0,0.0,0.0,0.0
TV,2022,TV,Tuvalu,0,3222.0,9452.0,3131.0,9015.0,11632.0,23746.0,0.0,0.0,0.0,0.0,0.0,0.0,0.0,0.0,0.0,0.0,0.0,0.0,0.0,0.0,0.0,0.0,0.0,0.0,0.0,0.0,0.0,0.0,0.0,0.0
TW,2021,TW,Taiwan,0,18712858.0,18712858.0,16135202.0,16159278.0,34872136.0,34872136.0,0.0,0.0,0.0,0.0,0.0,0.0,0.0,0.0,0.0,0.0,0.0,0.0,0.0,0.0,0.0,0.0,0.0,0.0,0.0,0.0,0.0,0.0,0.0,0.0
TW,2022,TW,Taiwan,0,2921389.0,21634247.0,4050060.0,20209338.0,26366147.0,61238283.0,0.0,0.0,0.0,0.0,0.0,0.0,0.0,0.0,0.0,0.0,0.0,0.0,0.0,0.0,0.0,0.0,0.0,0.0,0.0,0.0,0.0,0.0,0.0,0.0
TZ,2021,TZ,Tanzania,0,1974185.0,2079930.0,1540516.0,1646261.0,2326024.0,2431769.0,0.0,0.0,0.0,0.0,0.0,0.0,0.0,0.0,0.0,0.0,0.0,0.0,0.0,0.0,0.0,0.0,0.0,0.0,0.0,0.0,0.0,0.0,0.0,0.0
TZ,2022,TZ,Tanzania,0,17684540.0,19764470.0,16237767.0,17884028.0,21475929.0,23907698.0,0.0,0.0,0.0,0.0,0.0,0.0,0.0,0.0,0.0,0.0,0.0,0.0,0.0,0.0,0.0,0.0,0.0,0.0,0.0,0.0,0.0,0.0,0.0,0.0
UA,2021,UA,Ukraine,0,14713150.0,14713309.0,13755420.0,13755421.0,28457406.0,28457565.0,0.0,0.0,0.0,0.0,0.0,0.0,0.0,0.0,0.0,0.0,0.0,0.0,0.0,0.0,0.0,0.0,0.0,0.0,0.0,0.0,0.0,0.0,0.0,0.0
UA,2022,UA,Ukraine,0,1060991.0,15774300.0,1398156.0,15153577.0,3211012.0,31668577.0,0.0,0.0,0.0,0.0,0.0,0.0,0.0,0.0,0.0,0.0,0.0,0.0,0.0,0.0,0.0,0.0,0.0,0.0,0.0,0.0,0.0,0.0,0.0,0.0
UG,2021,UG,Uganda,0,8354808.0,8354808.0,1405948.0,1408222.0,9763030.0,9763030.0,0.0,0.0,0.0,0.0,0.0,0.0,0.0,0.0,0.0,0.0,0.0,0.0,0.0,0.0,0.0,0.0,0.0,0.0,0.0,0.0,0.0,0.0,0.0,0.0
UG,2022,UG,Uganda,0,10031281.0,18386089.0,11152133.0,12560355.0,15357006.0,25120036.0,0.0,0.0,0.0,0.0,0.0,0.0,0.0,0.0,0.0,0.0,0.0,0.0,0.0,0.0,0.0,0.0,0.0,0.0,0.0,0.0,0.0,0.0,0.0,0.0
US,2020,US,United States of America,0,5535575.0,5535575.0,36849.0,44731.0,5677274.0,5677274.0,0.0,0.0,0.0,0.0,0.0,0.0,0.0,0.0,0.0,0.0,0.0,0.0,0.0,0.0,0.0,0.0,0.0,0.0,0.0,0.0,0.0,0.0,0.0,0.0
US,2021,US,United States of America,0,238606842.0,244142417.0,211798588.0,205811394.0,514422725.0,520099999.0,0.0,0.0,99216275.0,115995495.0,249033944.0,295858234.0,0.0,0.0,58864245.0,73344705.0,148714298.0,193650993.0,0.0,0.0,16118859.0,16326663.0,17405256.0,17613846.0,0.0,0.0,0.0,0.0,0.0,0.0
US,2022,US,United States of America,0,19585267.0,263415633.0,19031244.0,224636858.0,94775678.0,612781120.0,0.0,0.0,13271334.0,129266829.0,66662861.0,362521095.0,0.0,0.0,4705953.0,78050658.0,37038376.0,230689369.0,0.0,0.0,773272.0,17099935.0,1274441.0,18888287.0,0.0,0.0,0.0,0.0,0.0,0.0
UY,2021,UY,Uruguay,0,2758111.0,2758494.0,2661655.0,2678916.0,6974427.0,6974810.0,0.0,0.0,0.0,0.0,0.0,0.0,0.0,0.0,0.0,0.0,0.0,0.0,0.0,0.0,0.0,0.0,0.0,0.0,0.0,0.0,0.0,0.0,0.0,0.0
UY,2022,UY,Uruguay,0,242530.0,3001024.0,213845.0,2892761.0,1759503.0,8734313.0,0.0,0.0,0.0,0.0,0.0,0.0,0.0,0.0,0.0,0.0,0.0,0.0,0.0,0.0,0.0,0.0,0.0,0.0,0.0,0.0,0.0,0.0,0.0,0.0
UZ,2021,UZ,Uzbekistan,0,18056727.0,18056727.0,10985519.0,11102403.0,39036802.0,39036802.0,0.0,0.0,0.0,0.0,0.0,0.0,0.0,0.0,0.0,0.0,0.0,0.0,0.0,0.0,0.0,0.0,0.0,0.0,0.0,0.0,0.0,0.0,0.0,0.0
UZ,2022,UZ,Uzbekistan,0,2994566.0,21051293.0,5393057.0,16495460.0,26297344.0,65334146.0,0.0,0.0,0.0,0.0,0.0,0.0,0.0,0.0,0.0,0.0,0.0,0.0,0.0,0.0,0.0,0.0,0.0,0.0,0.0,0.0,0.0,0.0,0.0,0.0
VC,2021,VC,Saint Vincent and the Grenadines,0,24542.0,33494.0,16361.0,26244.0,52246.0,61198.0,0.0,0.0,0.0,0.0,0.0,0.0,0.0,0.0,0.0,0.0,0.0,0.0,0.0,0.0,0.0,0.0,0.0,0.0,0.0,0.0,0.0,0.0,0.0,0.0
VC,2022,VC,Saint Vincent and the Grenadines,0,3657.0,37151.0,5016.0,31260.0,11339.0,72537.0,0.0,0.0,0.0,0.0,0.0,0.0,0.0,0.0,0.0,0.0,0.0,0.0,0.0,0.0,0.0,0.0,0.0,0.0,0.0,0.0,0.0,0.0,0.0,0.0
VE,2021,VE,Venezuela,0,18393519.0,18393519.0,11456409.0,11608305.0,30049714.0,30049714.0,0.0,0.0,0.0,0.0,0.0,0.0,0.0,0.0,0.0,0.0,0.0,0.0,0.0,0.0,0.0,0.0,0.0,0.0,0.0,0.0,0.0,0.0,0.0,0.0
VE,2022,VE,Venezuela,0,3763713.0,22157232.0,2679065.0,14287370.0,7811280.0,37860994.0,0.0,0.0,0.0,0.0,0.0,0.0,0.0,0.0,0.0,0.0,0.0,0.0,0.0,0.0,0.0,0.0,0.0,0.0,0.0,0.0,0.0,0.0,0.0,0.0
VG,2021,VG,British Virgin Islands,0,7177.0,18432.0,13229.0,17005.0,20768.0,35799.0,0.0,0.0,0.0,0.0,0.0,0.0,0.0,0.0,0.0,0.0,0.0,0.0,0.0,0.0,0.0,0.0,0.0,0.0,0.0,0.0,0.0,0.0,0.0,0.0
VG,2022,VG,British Virgin Islands,0,1010.0,19442.0,1206.0,18211.0,5580.0,41379.0,0.0,0.0,0.0,0.0,0.0,0.0,0.0,0.0,0.0,0.0,0.0,0.0,0.0,0.0,0.0,0.0,0.0,0.0,0.0,0.0,0.0,0.0,0.0,0.0
VN,2021,VN,Vietnam,0,77555511.0,77555511.0,68426406.0,68435813.0,150935915.0,150935915.0,0.0,0.0,0.0,0.0,0.0,0.0,0.0,0.0,0.0,0.0,0.0,0.0,0.0,0.0,0.0,0.0,0.0,0.0,0.0,0.0,0.0,0.0,0.0,0.0
VN,2022,VN,Vietnam,0,12062994.0,89618505.0,15230458.0,83666271.0,106416022.0,257351937.0,0.0,0.0,0.0,0.0,0.0,0.0,0.0,0.0,0.0,0.0,0.0,0.0,0.0,0.0,0.0,0.0,0.0,0.0,0.0,0.0,0.0,0.0,0.0,0.0
VU,2021,VU,Vanuatu,0,102308.0,102308.0,50289.0,50403.0,152711.0,152711.0,0.0,0.0,0.0,0.0,0.0,0.0,0.0,0.0,0.0,0.0,0.0,0.0,0.0,0.0,0.0,0.0,0.0,0.0,0.0,0.0,0.0,0.0,0.0,0.0
VU,2022,VU,Vanuatu,0,41031.0,143339.0,80204.0,130607.0,137201.0,289912.0,0.0,0.0,0.0,0.0,0.0,0.0,0.0,0.0,0.0,0.0,0.0,0.0,0.0,0.0,0.0,0.0,0.0,0.0,0.0,0.0,0.0,0.0,0.0,0.0
WF,2021,WF,Wallis and Futuna,0,4730.0,6016.0,4435.0,5923.0,10653.0,11939.0,0.0,0.0,0.0,0.0,0.0,0.0,0.0,0.0,0.0,0.0,0.0,0.0,0.0,0.0,0.0,0.0,0.0,0.0,0.0,0.0,0.0,0.0,0.0,0.0
WF,2022,WF,Wallis and Futuna,0,467.0,6483.0,534.0,6457.0,4487.0,16426.0,0.0,0.0,0.0,0.0,0.0,0.0,0.0,0.0,0.0,0.0,0.0,0.0,0.0,0.0,0.0,0.0,0.0,0.0,0.0,0.0,0.0,0.0,0.0,0.0
WS,2021,WS,Samoa,0,134013.0,141424.0,120570.0,121765.0,255778.0,263189.0,0.0,0.0,0.0,0.0,0.0,0.0,0.0,0.0,0.0,0.0,0.0,0.0,0.0,0.0,0.0,0.0,0.0,0.0,0.0,0.0,0.0,0.0,0.0,0.0
WS,2022,WS,Samoa,0,88983.0,230407.0,89690.0,211455.0,253555.0,516744.0,0.0,0.0,0.0,0.0,0.0,0.0,0.0,0.0,0.0,0.0,0.0,0.0,0.0,0.0,0.0,0.0,0.0,0.0,0.0,0.0,0.0,0.0,0.0,0.0
YE,2021,YE,Yemen,0,313223.0,331778.0,206664.0,215241.0,528464.0,547019.0,0.0,0.0,0.0,0.0,0.0,0.0,0.0,0.0,0.0,0.0,0.0,0.0,0.0,0.0,0.0,0.0,0.0,0.0,0.0,0.0,0.0,0.0,0.0,0.0
YE,2022,YE,Yemen,0,398651.0,730429.0,255250.0,470491.0,351238.0,898257.0,0.0,0.0,0.0,0.0,0.0,0.0,0.0,0.0,0.0,0.0,0.0,0.0,0.0,0.0,0.0,0.0,0.0,0.0,0.0,0.0,0.0,0.0,0.0,0.0
ZA,2021,ZA,South Africa,0,18905708.0,18905708.0,15831334.0,15833594.0,27903338.0,27903338.0,0.0,0.0,0.0,0.0,0.0,0.0,0.0,0.0,0.0,0.0,0.0,0.0,0.0,0.0,0.0,0.0,0.0,0.0,0.0,0.0,0.0,0.0,0.0,0.0
ZA,2022,ZA,South Africa,0,3387987.0,22293695.0,3529374.0,19362968.0,9650125.0,37553463.0,0.0,0.0,0.0,0.0,0.0,0.0,0.0,0.0,0.0,0.0,0.0,0.0,0.0,0.0,0.0,0.0,0.0,0.0,0.0,0.0,0.0,0.0,0.0,0.0
ZM,2021,ZM,Zambia,0,806611.0,806611.0,1216308.0,1217415.0,1730165.0,1730165.0,0.0,0.0,0.0,0.0,0.0,0.0,0.0,0.0,0.0,0.0,0.0,0.0,0.0,0.0,0.0,0.0,0.0,0.0,0.0,0.0,0.0,0.0,0.0,0.0
ZM,2022,ZM,Zambia,0,6734065.0,7540676.0,4634819.0,5852234.0,7377577.0,9107742.0,0.0,0.0,0.0,0.0,0.0,0.0,0.0,0.0,0.0,0.0,0.0,0.0,0.0,0.0,0.0,0.0,0.0,0.0,0.0,0.0,0.0,0.0,0.0,0.0
ZW,2021,ZW,Zimbabwe,0,4124339.0,4124378.0,3134888.0,3135168.0,7264752.0,7264791.0,0.0,0.0,0.0,0.0,0.0,0.0,0.0,0.0,0.0,0.0,0.0,0.0,0.0,0.0,0.0,0.0,0.0,0.0,0.0,0.0,0.0,0.0,0.0,0.0
ZW,2022,ZW,Zimbabwe,0,2292236.0,6416614.0,1595335.0,4730503.0,4896807.0,12161598.0,0.0,0.0,0.0,0.0,0.0,0.0,0.0,0.0,0.0,0.0,0.0,0.0,0.0,0.0,0.0,0.0,0.0,0.0,0.0,0.0,0.0,0.0,0.0,0.0
