location_key,YEAR,country_code,country_name,aggregation_level,new_confirmed,new_deceased,new_recovered,new_tested,cumulative_confirmed,cumulative_deceased,cumulative_recovered,cumulative_tested
0,2020,0,Namibia,0,24536.0,208.0,0.0,199795.0,24536.0,208.0,0.0,209155.0
0,2021,0,Namibia,0,124942.0,3447.0,0.0,599977.0,149478.0,3655.0,0.0,872058.0
0,2022,0,Namibia,0,17167.0,422.0,0.0,47299.0,166645.0,4077.0,0.0,1056045.0
AD,2020,AD,Andorra,0,8117.0,84.0,0.0,0.0,8117.0,84.0,0.0,124804.0
AD,2021,AD,Andorra,0,15623.0,56.0,0.0,0.0,23740.0,140.0,0.0,266810.0
AD,2022,AD,Andorra,0,22407.0,15.0,0.0,0.0,46147.0,155.0,0.0,300307.0
AE,2020,AE,United Arab Emirates,0,209678.0,671.0,0.0,21035504.0,209678.0,671.0,0.0,21035504.0
AE,2021,AE,United Arab Emirates,0,554815.0,1494.0,0.0,91095231.0,764493.0,2165.0,0.0,112130735.0
AE,2022,AE,United Arab Emirates,0,256698.0,177.0,0.0,56391937.0,1021191.0,2342.0,0.0,168522672.0
AF,2020,AF,Afghanistan,0,52586.0,2211.0,0.0,0.0,52586.0,2211.0,0.0,0.0
AF,2021,AF,Afghanistan,0,105526.0,5145.0,0.0,0.0,158112.0,7356.0,0.0,0.0
AF,2022,AF,Afghanistan,0,38551.0,435.0,0.0,0.0,196663.0,7791.0,0.0,994894.0
AG,2020,AG,Antigua and Barbuda,0,159.0,5.0,0.0,0.0,159.0,5.0,0.0,5784.0
AG,2021,AG,Antigua and Barbuda,0,4252.0,114.0,0.0,0.0,4411.0,119.0,0.0,16700.0
AG,2022,AG,Antigua and Barbuda,0,4597.0,26.0,0.0,0.0,9008.0,145.0,0.0,0.0
AI,2020,AI,Anguilla,0,14.0,0.0,0.0,0.0,14.0,0.0,0.0,0.0
AI,2021,AI,Anguilla,0,1660.0,5.0,0.0,0.0,1674.0,5.0,0.0,51382.0
AI,2022,AI,Anguilla,0,2182.0,7.0,0.0,0.0,3856.0,12.0,0.0,0.0
AL,2020,AL,Albania,0,58723.0,1186.0,0.0,249384.0,58723.0,1186.0,0.0,249384.0
AL,2021,AL,Albania,0,151983.0,2032.0,0.0,1177050.0,210706.0,3218.0,0.0,1426434.0
AL,2022,AL,Albania,0,119443.0,368.0,0.0,187436.0,330149.0,3586.0,0.0,1613870.0
AM,2020,AM,Armenia,0,159798.0,2836.0,0.0,596416.0,159798.0,2836.0,0.0,596416.0
AM,2021,AM,Armenia,0,185209.0,5141.0,0.0,1979372.0,345007.0,7977.0,0.0,2575788.0
AM,2022,AM,Armenia,0,94295.0,692.0,0.0,526479.0,439302.0,8669.0,0.0,3102267.0
AO,2020,AO,Angola,0,17568.0,405.0,0.0,0.0,17568.0,405.0,0.0,0.0
AO,2021,AO,Angola,0,64830.0,1367.0,0.0,0.0,82398.0,1772.0,0.0,0.0
AO,2022,AO,Angola,0,20733.0,145.0,0.0,28136.0,103131.0,1917.0,0.0,1618566.0
AR,2019,AR,Argentina,0,0.0,0.0,0.0,4.0,0.0,0.0,0.0,4.0
AR,2020,AR,Argentina,0,1660182.0,46382.0,0.0,4330503.0,1660182.0,46382.0,0.0,4330433.0
AR,2021,AR,Argentina,0,4107229.0,71240.0,0.0,17088937.0,5767411.0,117622.0,0.0,21419370.0
AR,2022,AR,Argentina,0,3900515.0,12215.0,0.0,6831395.0,9697763.0,129830.0,0.0,28250765.0
AS,2020,AS,American Samoa,0,0.0,0.0,0.0,0.0,0.0,0.0,0.0,0.0
AS,2021,AS,American Samoa,0,11.0,0.0,0.0,0.0,11.0,0.0,0.0,0.0
AS,2022,AS,American Samoa,0,8206.0,34.0,0.0,0.0,8217.0,34.0,0.0,0.0
AT,2020,AT,Austria,0,360651.0,7631.0,324465.0,3895442.0,360650.0,7631.0,324465.0,3836920.0
AT,2021,AT,Austria,0,914858.0,9199.0,895925.0,119742289.0,1275508.0,16830.0,1220390.0,123579209.0
AT,2022,AT,Austria,0,3733007.0,3834.0,3718291.0,73017509.0,5008515.0,20664.0,4938681.0,196596718.0
AU,2020,AU,Australia,0,29760.0,909.0,25762.0,11263181.0,28408.0,909.0,25762.0,11260546.0
AU,2021,AU,Australia,0,371746.0,1330.0,226634.0,43698418.0,395504.0,2239.0,252396.0,54958964.0
AU,2022,AU,Australia,0,9820737.0,12371.0,-252396.0,23687461.0,10144497.0,14610.0,10016828.0,78646425.0
AW,2020,AW,Aruba,0,5442.0,49.0,0.0,0.0,5442.0,49.0,0.0,0.0
AW,2021,AW,Aruba,0,14277.0,132.0,0.0,793.0,19719.0,181.0,0.0,793.0
AW,2022,AW,Aruba,0,23251.0,47.0,0.0,0.0,42970.0,228.0,0.0,0.0
AZ,2020,AZ,Azerbaijan,0,218700.0,2641.0,0.0,0.0,218700.0,2641.0,0.0,0.0
AZ,2021,AZ,Azerbaijan,0,398611.0,5724.0,0.0,1510783.0,617311.0,8365.0,0.0,5876764.0
AZ,2022,AZ,Azerbaijan,0,201323.0,1508.0,0.0,205652.0,818634.0,9873.0,0.0,6947820.0
BA,2020,BA,Bosnia and Herzegovina,0,112143.0,4086.0,0.0,422719.0,112143.0,4086.0,0.0,517161.0
BA,2021,BA,Bosnia and Herzegovina,0,179994.0,9374.0,0.0,620799.0,292137.0,13460.0,0.0,1483234.0
BA,2022,BA,Bosnia and Herzegovina,0,105465.0,2644.0,0.0,0.0,397602.0,16104.0,0.0,1499302.0
BB,2020,BB,Barbados,0,383.0,7.0,0.0,0.0,383.0,7.0,0.0,0.0
BB,2021,BB,Barbados,0,28427.0,255.0,0.0,0.0,28810.0,262.0,0.0,0.0
BB,2022,BB,Barbados,0,73169.0,296.0,0.0,6351.0,101979.0,558.0,0.0,697476.0
BD,2020,BD,Bangladesh,0,515184.0,7599.0,0.0,3240537.0,515184.0,7599.0,0.0,3240537.0
BD,2021,BD,Bangladesh,0,1071282.0,20478.0,0.0,8267520.0,1586466.0,28077.0,0.0,11508057.0
BD,2022,BD,Bangladesh,0,430117.0,1260.0,0.0,2312847.0,2016583.0,29337.0,0.0,13820904.0
BE,2020,BE,Belgium,0,650059.0,19888.0,0.0,6978829.0,650040.0,19888.0,0.0,6978829.0
BE,2021,BE,Belgium,0,1475862.0,8534.0,0.0,20421844.0,2125902.0,28422.0,0.0,27400673.0
BE,2022,BE,Belgium,0,2385688.0,4183.0,0.0,6914932.0,4511590.0,32605.0,0.0,34315605.0
BF,2020,BF,Burkina Faso,0,6940.0,86.0,0.0,0.0,6940.0,86.0,0.0,0.0
BF,2021,BF,Burkina Faso,0,10692.0,232.0,0.0,0.0,17632.0,318.0,0.0,0.0
BF,2022,BF,Burkina Faso,0,3496.0,69.0,0.0,547.0,21128.0,387.0,0.0,324773.0
BG,2020,BG,Bulgaria,0,202540.0,7604.0,0.0,1010479.0,202540.0,7604.0,0.0,1155283.0
BG,2021,BG,Bulgaria,0,545644.0,23379.0,0.0,1962370.0,748184.0,30983.0,0.0,7419396.0
BG,2022,BG,Bulgaria,0,502066.0,6680.0,0.0,457406.0,1250250.0,37663.0,0.0,10080207.0
BH,2020,BH,Bahrain,0,92913.0,352.0,0.0,1995322.0,92913.0,352.0,0.0,2366275.0
BH,2021,BH,Bahrain,0,189764.0,1042.0,0.0,3713856.0,282677.0,1394.0,0.0,8005638.0
BH,2022,BH,Bahrain,0,392232.0,124.0,0.0,226347.0,674909.0,1518.0,0.0,9969082.0
BI,2020,BI,Burundi,0,826.0,2.0,0.0,0.0,826.0,2.0,0.0,0.0
BI,2021,BI,Burundi,0,31250.0,12.0,0.0,0.0,32076.0,14.0,0.0,0.0
BI,2022,BI,Burundi,0,17806.0,1.0,0.0,18945.0,49882.0,15.0,0.0,1611285.0
BJ,2020,BJ,Benin,0,3251.0,44.0,0.0,0.0,3251.0,44.0,0.0,0.0
BJ,2021,BJ,Benin,0,21793.0,117.0,0.0,0.0,25044.0,161.0,0.0,0.0
BJ,2022,BJ,Benin,0,2594.0,2.0,0.0,0.0,27638.0,163.0,0.0,604310.0
BM,2020,BM,Bermuda,0,604.0,10.0,0.0,0.0,604.0,10.0,0.0,0.0
BM,2021,BM,Bermuda,0,5816.0,100.0,0.0,0.0,6420.0,110.0,0.0,0.0
BM,2022,BM,Bermuda,0,11599.0,38.0,0.0,41927.0,18019.0,148.0,0.0,41927.0
BN,2020,BN,Brunei,0,157.0,3.0,0.0,0.0,157.0,3.0,0.0,0.0
BN,2021,BN,Brunei,0,15334.0,58.0,0.0,581.0,15491.0,61.0,0.0,93192.0
BN,2022,BN,Brunei,0,209119.0,69.0,0.0,0.0,224610.0,130.0,0.0,0.0
BO,2020,BO,Bolivia,0,160124.0,9165.0,0.0,414379.0,160124.0,9165.0,0.0,416480.0
BO,2021,BO,Bolivia,0,439629.0,10515.0,0.0,2669053.0,599753.0,19680.0,0.0,3085533.0
BO,2022,BO,Bolivia,0,506785.0,2538.0,0.0,1354838.0,1106538.0,22218.0,0.0,4440371.0
BR,2020,BR,Brazil,0,7688326.0,194949.0,6707781.0,27075552.0,7675973.0,194949.0,6707781.0,27075552.0
BR,2021,BR,Brazil,0,14611548.0,424107.0,14876621.0,26375083.0,22287521.0,619056.0,21584402.0,66100617.0
BR,2022,BR,Brazil,0,12281312.0,66147.0,12121829.0,0.0,34568833.0,685203.0,33706231.0,70923215.0
BS,2020,BS,Bahamas,0,7887.0,171.0,0.0,0.0,7887.0,171.0,0.0,0.0
BS,2021,BS,Bahamas,0,17398.0,546.0,0.0,22575.0,25285.0,717.0,0.0,185893.0
BS,2022,BS,Bahamas,0,11886.0,113.0,0.0,21161.0,37171.0,830.0,0.0,241200.0
BT,2020,BT,Bhutan,0,710.0,0.0,0.0,287162.0,710.0,0.0,0.0,287162.0
BT,2021,BT,Bhutan,0,1950.0,3.0,0.0,1003863.0,2660.0,3.0,0.0,1291025.0
BT,2022,BT,Bhutan,0,58759.0,18.0,0.0,420644.0,61419.0,21.0,0.0,1711669.0
BW,2020,BW,Botswana,0,15016.0,44.0,0.0,19426.0,15016.0,44.0,0.0,553859.0
BW,2021,BW,Botswana,0,207037.0,2408.0,0.0,0.0,222053.0,2452.0,0.0,2026898.0
BW,2022,BW,Botswana,0,104054.0,327.0,0.0,0.0,326107.0,2779.0,0.0,2285160.0
BY,2020,BY,Belarus,0,196223.0,1433.0,0.0,474181.0,196223.0,1433.0,0.0,3924079.0
BY,2021,BY,Belarus,0,504198.0,4161.0,0.0,542166.0,700421.0,5594.0,0.0,11022249.0
BY,2022,BY,Belarus,0,293616.0,1524.0,0.0,432120.0,994037.0,7118.0,0.0,13220483.0
BZ,2020,BZ,Belize,0,10776.0,248.0,0.0,0.0,10776.0,248.0,0.0,0.0
BZ,2021,BZ,Belize,0,22064.0,354.0,0.0,2924.0,32840.0,602.0,0.0,363915.0
BZ,2022,BZ,Belize,0,35772.0,78.0,0.0,0.0,68612.0,680.0,0.0,572900.0
CA,2020,CA,Canada,0,267.0,15147.0,0.0,18095491.0,266.0,15146.0,0.0,18097623.0
CA,2021,CA,Canada,0,537.0,14744.0,0.0,34660670.0,803.0,29887.0,0.0,52758293.0
CA,2022,CA,Canada,0,425872.0,18538.0,0.0,9419337.0,4197701.0,44347.0,0.0,62177630.0
CD,2020,CD,Democratic Republic of the Congo,0,17997.0,596.0,0.0,0.0,17997.0,596.0,0.0,0.0
CD,2021,CD,Democratic Republic of the Congo,0,61944.0,629.0,0.0,0.0,79941.0,1225.0,0.0,0.0
CD,2022,CD,Democratic Republic of the Congo,0,12809.0,197.0,0.0,0.0,92750.0,1422.0,0.0,1045120.0
CF,2020,CF,Central African Republic,0,5843.0,63.0,0.0,0.0,5843.0,63.0,0.0,0.0
CF,2021,CF,Central African Republic,0,6673.0,43.0,0.0,0.0,12516.0,106.0,0.0,0.0
CF,2022,CF,Central African Republic,0,2387.0,7.0,0.0,0.0,14903.0,113.0,0.0,94759.0
CG,2020,CG,Republic of the Congo,0,6450.0,112.0,0.0,0.0,6450.0,112.0,0.0,0.0
CG,2021,CG,Republic of the Congo,0,14827.0,257.0,0.0,0.0,21277.0,369.0,0.0,0.0
CG,2022,CG,Republic of the Congo,0,3498.0,17.0,0.0,0.0,24775.0,386.0,0.0,395040.0
CH,2020,CH,Switzerland,0,454207.0,7610.0,0.0,3290938.0,454206.0,7610.0,0.0,3288426.0
CH,2021,CH,Switzerland,0,896766.0,4335.0,0.0,11090426.0,1350972.0,11945.0,0.0,14378852.0
CH,2022,CH,Switzerland,0,2703025.0,1605.0,0.0,7828337.0,4053997.0,13550.0,0.0,22207189.0
CI,2020,CI,Ivory Coast,0,22250.0,138.0,0.0,249308.0,22250.0,138.0,0.0,260851.0
CI,2021,CI,Ivory Coast,0,49565.0,580.0,0.0,861632.0,71815.0,718.0,0.0,1236834.0
CI,2022,CI,Ivory Coast,0,15158.0,104.0,0.0,99455.0,86973.0,822.0,0.0,1540831.0
CK,2020,CK,Cook Islands,0,0.0,0.0,0.0,0.0,0.0,0.0,0.0,0.0
CK,2021,CK,Cook Islands,0,0.0,0.0,0.0,0.0,0.0,0.0,0.0,0.0
CK,2022,CK,Cook Islands,0,6389.0,1.0,0.0,0.0,6389.0,1.0,0.0,0.0
CL,2020,CL,Chile,0,577177.0,16608.0,44946.0,6494042.0,608973.0,16608.0,44946.0,0.0
CL,2021,CL,Chile,0,1201645.0,22507.0,0.0,20690254.0,1806494.0,39115.0,0.0,0.0
CL,2022,CL,Chile,0,2589675.0,21707.0,0.0,12588917.0,4568495.0,60822.0,0.0,0.0
CM,2020,CM,Cameroon,0,26848.0,448.0,0.0,0.0,26848.0,448.0,0.0,0.0
CM,2021,CM,Cameroon,0,82818.0,1405.0,0.0,0.0,109666.0,1853.0,0.0,0.0
CM,2022,CM,Cameroon,0,11986.0,82.0,0.0,0.0,121652.0,1935.0,0.0,2731181.0
CN,2020,CN,China,0,97543.0,4818.0,22610.0,0.0,96675.0,4788.0,90486.0,160000000.0
CN,2021,CN,China,0,38529.0,1199.0,30262.0,0.0,131780.0,5699.0,120748.0,0.0
CN,2022,CN,China,0,7374895.0,21390.0,210821.0,0.0,6501193.0,25485.0,331569.0,9214000000.0
CO,2020,CO,Colombia,0,1706680.0,50101.0,1449600.0,7776173.0,1706680.0,50101.0,1449600.0,8143559.0
CO,2021,CO,Colombia,0,3486573.0,102369.0,3520449.0,21497783.0,5193253.0,152470.0,4970049.0,29641342.0
CO,2022,CO,Colombia,0,1111064.0,12768.0,470972.0,4770370.0,6304317.0,155770.0,5441021.0,35241195.0
CR,2020,CR,Costa Rica,0,169321.0,2185.0,0.0,431013.0,169321.0,2185.0,0.0,431013.0
CR,2021,CR,Costa Rica,0,403227.0,5172.0,0.0,1840029.0,572548.0,7357.0,0.0,2271042.0
CR,2022,CR,Costa Rica,0,533244.0,1556.0,0.0,1406483.0,1105792.0,8913.0,0.0,3677525.0
CU,2020,CU,Cuba,0,12056.0,146.0,0.0,1501492.0,12056.0,146.0,0.0,1502010.0
CU,2021,CU,Cuba,0,954417.0,8177.0,0.0,3794752.0,966473.0,8323.0,0.0,5296762.0
CU,2022,CU,Cuba,0,144475.0,207.0,0.0,0.0,1110948.0,8530.0,0.0,0.0
CV,2020,CV,Cape Verde,0,11872.0,113.0,0.0,76082.0,11872.0,113.0,0.0,0.0
CV,2021,CV,Cape Verde,0,30591.0,240.0,0.0,172749.0,42463.0,353.0,0.0,0.0
CV,2022,CV,Cape Verde,0,19883.0,57.0,0.0,36086.0,62346.0,410.0,0.0,0.0
CW,2020,CW,Curaçao,0,4230.0,14.0,0.0,0.0,4230.0,14.0,0.0,0.0
CW,2021,CW,Curaçao,0,16480.0,175.0,0.0,1342.0,20710.0,189.0,0.0,1342.0
CW,2022,CW,Curaçao,0,24635.0,98.0,0.0,20758.0,45345.0,287.0,0.0,22100.0
CY,2020,CY,Cyprus,0,23276.0,130.0,0.0,1034939.0,23276.0,130.0,0.0,1040856.0
CY,2021,CY,Cyprus,0,144203.0,518.0,0.0,18400293.0,167479.0,648.0,0.0,19441149.0
CY,2022,CY,Cyprus,0,412420.0,525.0,0.0,10060622.0,579899.0,1173.0,0.0,29501771.0
CZ,2020,CZ,Czech Republic,0,733024.0,12017.0,625160.0,3810163.0,733024.0,12017.0,625160.0,3810183.0
CZ,2021,CZ,Czech Republic,0,1752212.0,24334.0,1738814.0,11964117.0,2485236.0,36351.0,2363974.0,15774300.0
CZ,2022,CZ,Czech Republic,0,1585677.0,4592.0,1646757.0,5984644.0,4070913.0,40943.0,4010731.0,21758944.0
DE,2020,DE,Germany,0,1764752.0,51554.0,0.0,0.0,1764752.0,51554.0,0.0,35172907.0
DE,2021,DE,Germany,0,5444711.0,66727.0,0.0,0.0,7209463.0,118281.0,0.0,92472500.0
DE,2022,DE,Germany,0,25395530.0,30447.0,0.0,0.0,32604993.0,148728.0,0.0,131286804.0
DJ,2020,DJ,Djibouti,0,5840.0,61.0,0.0,0.0,5840.0,61.0,0.0,0.0
DJ,2021,DJ,Djibouti,0,7828.0,128.0,0.0,0.0,13668.0,189.0,0.0,0.0
DJ,2022,DJ,Djibouti,0,2022.0,0.0,0.0,1233.0,15690.0,189.0,0.0,309732.0
DK,2020,DK,Denmark,0,167771.0,1347.0,0.0,10572230.0,167771.0,1347.0,0.0,10572230.0
DK,2021,DK,Denmark,0,658796.0,1938.0,0.0,43070902.0,826567.0,3285.0,0.0,53643132.0
DK,2022,DK,Denmark,0,2457139.0,3702.0,0.0,11006781.0,3283706.0,6987.0,0.0,64649913.0
DM,2020,DM,Dominica,0,96.0,0.0,0.0,0.0,96.0,0.0,0.0,0.0
DM,2021,DM,Dominica,0,6766.0,47.0,0.0,0.0,6862.0,47.0,0.0,0.0
DM,2022,DM,Dominica,0,7990.0,21.0,0.0,4032.0,14852.0,68.0,0.0,205366.0
DO,2020,DO,Dominican Republic,0,172218.0,2416.0,0.0,841770.0,172218.0,2416.0,0.0,878581.0
DO,2021,DO,Dominican Republic,0,247709.0,1831.0,0.0,390405.0,419927.0,4247.0,0.0,2191882.0
DO,2022,DO,Dominican Republic,0,221750.0,137.0,0.0,292157.0,641677.0,4384.0,0.0,3444251.0
DZ,2020,DZ,Algeria,0,99897.0,2756.0,0.0,0.0,99897.0,2756.0,0.0,0.0
DZ,2021,DZ,Algeria,0,118921.0,3528.0,0.0,0.0,218818.0,6284.0,0.0,0.0
DZ,2022,DZ,Algeria,0,51752.0,595.0,0.0,0.0,270570.0,6879.0,0.0,230553.0
EC,2020,EC,Ecuador,0,213378.0,14051.0,0.0,695311.0,213378.0,14051.0,0.0,708824.0
EC,2021,EC,Ecuador,0,336040.0,19630.0,0.0,1338047.0,549418.0,33681.0,0.0,2048815.0
EC,2022,EC,Ecuador,0,450419.0,2203.0,0.0,821870.0,999837.0,35884.0,0.0,2870685.0
EE,2020,EE,Estonia,0,28428.0,241.0,0.0,638401.0,28428.0,241.0,0.0,638401.0
EE,2021,EE,Estonia,0,214114.0,1697.0,0.0,1890055.0,242542.0,1938.0,0.0,2528456.0
EE,2022,EE,Estonia,0,357177.0,723.0,0.0,972154.0,599719.0,2661.0,0.0,3500610.0
EG,2020,EG,Egypt,0,139471.0,7687.0,0.0,0.0,139471.0,7687.0,0.0,0.0
EG,2021,EG,Egypt,0,246887.0,14081.0,0.0,0.0,386358.0,21768.0,0.0,0.0
EG,2022,EG,Egypt,0,128990.0,3028.0,0.0,0.0,515348.0,24796.0,0.0,11954884.0
EH,2022,EH,Western Sahara,0,0.0,0.0,0.0,0.0,0.0,0.0,0.0,3943.0
ER,2020,ER,Eritrea,0,1320.0,3.0,0.0,0.0,1320.0,3.0,0.0,0.0
ER,2021,ER,Eritrea,0,6706.0,73.0,0.0,0.0,8026.0,76.0,0.0,0.0
ER,2022,ER,Eritrea,0,2137.0,27.0,0.0,0.0,10163.0,103.0,0.0,23693.0
ES,2020,ES,Spain,0,1991951.0,54580.0,0.0,0.0,1991951.0,54580.0,0.0,0.0
ES,2021,ES,Spain,0,4770015.0,36683.0,0.0,0.0,6761966.0,91263.0,0.0,0.0
ES,2022,ES,Spain,0,6621044.0,21831.0,0.0,0.0,13374116.0,113279.0,0.0,0.0
ET,2020,ET,Ethiopia,0,124652.0,1937.0,0.0,1805236.0,124652.0,1937.0,0.0,1806046.0
ET,2021,ET,Ethiopia,0,299688.0,5010.0,0.0,1721469.0,424340.0,6947.0,0.0,4112267.0
ET,2022,ET,Ethiopia,0,69027.0,625.0,0.0,58424.0,493367.0,7572.0,0.0,5024643.0
FI,2020,FI,Finland,0,36965.0,601.0,0.0,2512010.0,36107.0,601.0,0.0,2512010.0
FI,2021,FI,Finland,0,224544.0,1157.0,0.0,6251221.0,260292.0,1758.0,0.0,8763231.0
FI,2022,FI,Finland,0,1169266.0,4100.0,0.0,2275659.0,1277473.0,5858.0,0.0,11038890.0
FJ,2020,FJ,Fiji,0,49.0,2.0,0.0,17060.0,49.0,2.0,0.0,21365.0
FJ,2021,FJ,Fiji,0,53842.0,696.0,0.0,385028.0,53891.0,698.0,0.0,468972.0
FJ,2022,FJ,Fiji,0,14316.0,180.0,0.0,0.0,68207.0,878.0,0.0,558519.0
FK,2020,FK,Falkland Islands,0,29.0,0.0,0.0,0.0,29.0,0.0,0.0,0.0
FK,2021,FK,Falkland Islands,0,53.0,0.0,0.0,0.0,82.0,0.0,0.0,0.0
FK,2022,FK,Falkland Islands,0,1804.0,0.0,0.0,0.0,1886.0,0.0,0.0,0.0
FM,2020,FM,Micronesia,0,0.0,0.0,0.0,0.0,0.0,0.0,0.0,0.0
FM,2021,FM,Micronesia,0,9.0,0.0,0.0,0.0,9.0,0.0,0.0,0.0
FM,2022,FM,Micronesia,0,10256.0,30.0,0.0,0.0,9933.0,30.0,0.0,0.0
FO,2020,FO,Faroe Islands,0,613.0,0.0,0.0,0.0,613.0,0.0,0.0,0.0
FO,2021,FO,Faroe Islands,0,5473.0,14.0,0.0,0.0,6086.0,14.0,0.0,641176.0
FO,2022,FO,Faroe Islands,0,28572.0,14.0,0.0,7060.0,34658.0,28.0,0.0,777845.0
FR,2020,FR,France,0,2622023.0,44853.0,25918163.0,36227201.0,2617683.0,44852.0,25918163.0,36227201.0
FR,2021,FR,France,0,7716636.0,55532.0,130643886.0,160164368.0,3558022.0,123741.0,156562049.0,196391569.0
FR,2022,FR,France,0,24864498.0,30903.0,78022091.0,82056386.0,33766090.0,154644.0,234584140.0,278234000.0
GA,2020,GA,Gabon,0,9571.0,64.0,0.0,0.0,9571.0,64.0,0.0,0.0
GA,2021,GA,Gabon,0,32227.0,224.0,0.0,91730.0,41798.0,288.0,0.0,1394773.0
GA,2022,GA,Gabon,0,6870.0,18.0,0.0,2256.0,48668.0,306.0,0.0,1599902.0
GB,2020,GB,United Kingdom,0,2689670.0,76724.0,0.0,54242039.0,2689670.0,76724.0,0.0,55406379.0
GB,2021,GB,United Kingdom,0,11176985.0,73561.0,0.0,331197492.0,13866655.0,150285.0,0.0,407981020.0
GB,2022,GB,United Kingdom,0,9687864.0,38745.0,0.0,105116329.0,23554971.0,189026.0,0.0,523004361.0
GD,2020,GD,Grenada,0,128.0,0.0,0.0,0.0,128.0,0.0,0.0,0.0
GD,2021,GD,Grenada,0,6053.0,200.0,0.0,0.0,6181.0,200.0,0.0,0.0
GD,2022,GD,Grenada,0,13292.0,36.0,0.0,3187.0,19473.0,236.0,0.0,169195.0
GE,2020,GE,Georgia,0,228752.0,2572.0,0.0,379399.0,228752.0,2572.0,0.0,379399.0
GE,2021,GE,Georgia,0,708888.0,11333.0,0.0,10799572.0,937640.0,13905.0,0.0,11178971.0
GE,2022,GE,Georgia,0,824566.0,2995.0,0.0,2473534.0,1762206.0,16900.0,0.0,13652505.0
GF,2020,GF,French Guiana,0,13273.0,71.0,0.0,0.0,13273.0,71.0,0.0,0.0
GF,2021,GF,French Guiana,0,35664.0,268.0,0.0,0.0,48937.0,339.0,0.0,0.0
GF,2022,GF,French Guiana,0,44900.0,70.0,0.0,0.0,93837.0,409.0,0.0,0.0
GG,2020,GG,Guernsey,0,299.0,16.0,0.0,0.0,299.0,16.0,0.0,0.0
GG,2021,GG,Guernsey,0,8030.0,8.0,0.0,0.0,8329.0,24.0,0.0,0.0
GG,2022,GG,Guernsey,0,22663.0,38.0,0.0,0.0,30992.0,62.0,0.0,0.0
GH,2020,GH,Ghana,0,55168.0,335.0,0.0,532027.0,55168.0,335.0,0.0,672364.0
GH,2021,GH,Ghana,0,92911.0,978.0,0.0,775321.0,148079.0,1313.0,0.0,2142004.0
GH,2022,GH,Ghana,0,20537.0,146.0,0.0,17669.0,168616.0,1459.0,0.0,2465238.0
GI,2020,GI,Gibraltar,0,2032.0,7.0,0.0,0.0,2032.0,7.0,0.0,0.0
GI,2021,GI,Gibraltar,0,6762.0,93.0,0.0,0.0,8794.0,100.0,0.0,0.0
GI,2022,GI,Gibraltar,0,11275.0,8.0,0.0,514.0,20069.0,108.0,0.0,533268.0
GL,2020,GL,Greenland,0,27.0,0.0,0.0,0.0,27.0,0.0,0.0,0.0
GL,2021,GL,Greenland,0,2589.0,1.0,0.0,0.0,2616.0,1.0,0.0,0.0
GL,2022,GL,Greenland,0,9355.0,20.0,0.0,0.0,11971.0,21.0,0.0,0.0
GM,2020,GM,Gambia,0,3802.0,124.0,0.0,0.0,3802.0,124.0,0.0,0.0
GM,2021,GM,Gambia,0,6692.0,219.0,0.0,0.0,10494.0,343.0,0.0,132861.0
GM,2022,GM,Gambia,0,1921.0,29.0,0.0,0.0,12415.0,372.0,0.0,155686.0
GN,2020,GN,Guinea,0,13784.0,81.0,0.0,0.0,13784.0,81.0,0.0,0.0
GN,2021,GN,Guinea,0,19083.0,310.0,0.0,0.0,32867.0,391.0,0.0,0.0
GN,2022,GN,Guinea,0,4785.0,58.0,0.0,0.0,37652.0,449.0,0.0,708410.0
GQ,2020,GQ,Equatorial Guinea,0,5277.0,86.0,0.0,0.0,5277.0,86.0,0.0,0.0
GQ,2021,GQ,Equatorial Guinea,0,8433.0,89.0,0.0,16919.0,13710.0,175.0,0.0,267432.0
GQ,2022,GQ,Equatorial Guinea,0,3184.0,8.0,0.0,501.0,16894.0,183.0,0.0,484554.0
GR,2020,GR,Greece,0,139447.0,4881.0,0.0,2962080.0,139447.0,4881.0,0.0,3411127.0
GR,2021,GR,Greece,0,1101415.0,15968.0,0.0,33462493.0,1240862.0,20849.0,0.0,47750471.0
GR,2022,GR,Greece,0,3597949.0,12045.0,0.0,12136822.0,4838811.0,32894.0,0.0,84483362.0
GT,2020,GT,Guatemala,0,138236.0,4820.0,0.0,610355.0,138236.0,4820.0,0.0,610355.0
GT,2021,GT,Guatemala,0,490123.0,11287.0,0.0,2671594.0,628359.0,16107.0,0.0,3281949.0
GT,2022,GT,Guatemala,0,484191.0,3577.0,0.0,785826.0,1112550.0,19684.0,0.0,4067775.0
GU,2020,GU,Guam,0,7148.0,122.0,0.0,81171.0,7148.0,122.0,0.0,81171.0
GU,2021,GU,Guam,0,8204.0,148.0,0.0,132995.0,15352.0,270.0,0.0,214166.0
GU,2022,GU,Guam,0,33317.0,124.0,0.0,109350.0,48669.0,394.0,0.0,323516.0
GW,2020,GW,Guinea-Bissau,0,2452.0,45.0,0.0,0.0,2452.0,45.0,0.0,0.0
GW,2021,GW,Guinea-Bissau,0,4047.0,104.0,0.0,0.0,6499.0,149.0,0.0,0.0
GW,2022,GW,Guinea-Bissau,0,2297.0,26.0,0.0,390.0,8796.0,175.0,0.0,142948.0
GY,2020,GY,Guyana,0,6332.0,164.0,0.0,0.0,6332.0,164.0,0.0,38548.0
GY,2021,GY,Guyana,0,33241.0,890.0,0.0,0.0,39573.0,1054.0,0.0,387266.0
GY,2022,GY,Guyana,0,31636.0,225.0,0.0,0.0,71209.0,1279.0,0.0,442695.0
HK,2020,HK,Hong Kong,0,8847.0,181.0,0.0,0.0,8847.0,181.0,0.0,5809821.0
HK,2021,HK,Hong Kong,0,3808.0,32.0,0.0,0.0,12655.0,213.0,0.0,30289486.0
HK,2022,HK,Hong Kong,0,2786.0,3.0,0.0,0.0,15441.0,216.0,0.0,49426686.0
HN,2020,HN,Honduras,0,122763.0,3141.0,0.0,0.0,122763.0,3141.0,0.0,0.0
HN,2021,HN,Honduras,0,256779.0,7293.0,0.0,0.0,379542.0,10434.0,0.0,0.0
HN,2022,HN,Honduras,0,76127.0,555.0,0.0,0.0,455669.0,10989.0,0.0,0.0
HR,2020,HR,Croatia,0,212007.0,3961.0,0.0,983152.0,212007.0,3961.0,0.0,1024740.0
HR,2021,HR,Croatia,0,508531.0,8610.0,0.0,1435721.0,720538.0,12571.0,0.0,3757416.0
HR,2022,HR,Croatia,0,501469.0,4246.0,0.0,307282.0,1222007.0,16817.0,0.0,4922712.0
HT,2020,HT,Haiti,0,10015.0,236.0,0.0,0.0,10015.0,236.0,0.0,0.0
HT,2021,HT,Haiti,0,16240.0,537.0,0.0,0.0,26255.0,773.0,0.0,153254.0
HT,2022,HT,Haiti,0,7447.0,84.0,0.0,598.0,33702.0,857.0,0.0,206594.0
HU,2020,HU,Hungary,0,326688.0,9781.0,0.0,2245155.0,326688.0,9781.0,0.0,2245155.0
HU,2021,HU,Hungary,0,929727.0,29405.0,0.0,6473364.0,1256415.0,39186.0,0.0,8718519.0
HU,2022,HU,Hungary,0,814028.0,8223.0,0.0,2225201.0,2070443.0,47409.0,0.0,10943720.0
ID,2020,ID,Indonesia,0,743202.0,22138.0,611097.0,0.0,743198.0,22138.0,611097.0,0.0
ID,2021,ID,Indonesia,0,3519522.0,121956.0,3503237.0,34639602.0,4262720.0,144094.0,4114334.0,42614359.0
ID,2022,ID,Indonesia,0,2139966.0,13755.0,2101377.0,16889376.0,6402686.0,157849.0,6215711.0,59503735.0
IE,2020,IE,Ireland,0,94610.0,2296.0,0.0,2395942.0,94610.0,2296.0,0.0,2402399.0
IE,2021,IE,Ireland,0,721766.0,3832.0,0.0,7668159.0,816376.0,6128.0,0.0,10070558.0
IE,2022,IE,Ireland,0,844259.0,1773.0,0.0,2276755.0,1660635.0,7901.0,0.0,12347313.0
IL,2020,IL,Israel,0,431544.0,3406.0,0.0,7985356.0,431544.0,3406.0,0.0,7985356.0
IL,2021,IL,Israel,0,960146.0,4857.0,0.0,25900932.0,1391690.0,8263.0,0.0,33886288.0
IL,2022,IL,Israel,0,3255182.0,3404.0,0.0,17893726.0,4646872.0,11667.0,0.0,51780014.0
IM,2020,IM,Isle of Man,0,382.0,35.0,0.0,0.0,382.0,35.0,0.0,0.0
IM,2021,IM,Isle of Man,0,15925.0,32.0,0.0,0.0,16307.0,67.0,0.0,0.0
IM,2022,IM,Isle of Man,0,21701.0,49.0,0.0,0.0,38008.0,116.0,0.0,0.0
IN,2020,IN,India,0,10305788.0,149218.0,0.0,171039133.0,10305788.0,149218.0,0.0,173111694.0
IN,2021,IN,India,0,24583344.0,332552.0,0.0,495819630.0,34889132.0,481770.0,0.0,678989110.0
IN,2022,IN,India,0,9627347.0,46480.0,0.0,171939875.0,44516479.0,528250.0,0.0,858526354.0
IQ,2020,IQ,Iraq,0,596193.0,12824.0,0.0,3714327.0,596193.0,12824.0,0.0,4511833.0
IQ,2021,IQ,Iraq,0,1497698.0,11339.0,0.0,8827210.0,2093891.0,24163.0,0.0,16789447.0
IQ,2022,IQ,Iraq,0,364618.0,1185.0,0.0,454814.0,2458509.0,25348.0,0.0,19002710.0
IR,2020,IR,Iran,0,1231429.0,55337.0,0.0,4171866.0,1231429.0,55337.0,0.0,7670268.0
IR,2021,IR,Iran,0,4963974.0,76302.0,0.0,11275304.0,6195403.0,131639.0,0.0,42078937.0
IR,2022,IR,Iran,0,1345559.0,12604.0,0.0,2627262.0,7540962.0,144243.0,0.0,52269202.0
IS,2020,IS,Iceland,0,5771.0,29.0,0.0,241496.0,5771.0,29.0,0.0,241496.0
IS,2021,IS,Iceland,0,23737.0,8.0,0.0,607838.0,29508.0,37.0,0.0,849334.0
IS,2022,IS,Iceland,0,175776.0,176.0,0.0,524451.0,205284.0,213.0,0.0,1373785.0
IT,2020,IT,Italy,0,2110785.0,74159.0,1463110.0,26594283.0,2107166.0,74159.0,1463111.0,26598607.0
IT,2021,IT,Italy,0,4008769.0,63243.0,3624186.0,113538999.0,6125683.0,137402.0,5087297.0,140137606.0
IT,2022,IT,Italy,0,15695415.0,39062.0,16406452.0,104384581.0,22114423.0,176464.0,21493749.0,244522187.0
JE,2020,JE,Jersey,0,2766.0,44.0,0.0,0.0,2766.0,44.0,0.0,0.0
JE,2021,JE,Jersey,0,16989.0,45.0,0.0,0.0,19755.0,89.0,0.0,0.0
JE,2022,JE,Jersey,0,39515.0,48.0,0.0,0.0,59270.0,137.0,0.0,0.0
JM,2020,JM,Jamaica,0,12915.0,303.0,0.0,126880.0,12915.0,303.0,0.0,138342.0
JM,2021,JM,Jamaica,0,81734.0,2173.0,0.0,212576.0,94649.0,2476.0,0.0,710661.0
JM,2022,JM,Jamaica,0,56260.0,810.0,0.0,212612.0,150909.0,3286.0,0.0,1124299.0
JO,2020,JO,Jordan,0,295765.0,3851.0,0.0,1445131.0,295765.0,3851.0,0.0,3196868.0
JO,2021,JO,Jordan,0,768512.0,8833.0,0.0,5494723.0,1064277.0,12684.0,0.0,13243053.0
JO,2022,JO,Jordan,0,677979.0,1430.0,0.0,627739.0,1742256.0,14114.0,0.0,16803235.0
JP,2020,JP,Japan,0,234268.0,3467.0,0.0,4511789.0,218521.0,3459.0,0.0,4511789.0
JP,2021,JP,Japan,0,1492875.0,14926.0,0.0,23488248.0,1711396.0,18385.0,0.0,28000037.0
JP,2022,JP,Japan,0,18156892.0,24954.0,0.0,25504904.0,19868288.0,43339.0,0.0,53504941.0
KE,2020,KE,Kenya,0,96614.0,1681.0,0.0,571950.0,96614.0,1681.0,0.0,1041679.0
KE,2021,KE,Kenya,0,200541.0,3700.0,0.0,1779.0,297155.0,5381.0,0.0,2908081.0
KE,2022,KE,Kenya,0,41153.0,294.0,0.0,36703.0,338308.0,5675.0,0.0,3728165.0
KG,2020,KG,Kyrgyzstan,0,81214.0,1358.0,0.0,0.0,81214.0,1358.0,0.0,0.0
KG,2021,KG,Kyrgyzstan,0,103572.0,1446.0,0.0,0.0,184786.0,2804.0,0.0,0.0
KG,2022,KG,Kyrgyzstan,0,21134.0,187.0,0.0,0.0,205920.0,2991.0,0.0,0.0
KH,2020,KH,Cambodia,0,379.0,0.0,0.0,0.0,379.0,0.0,0.0,0.0
KH,2021,KH,Cambodia,0,120128.0,3012.0,0.0,294099.0,120507.0,3012.0,0.0,2289480.0
KH,2022,KH,Cambodia,0,17232.0,44.0,0.0,26375.0,137739.0,3056.0,0.0,2977609.0
KI,2020,KI,Kiribati,0,0.0,0.0,0.0,0.0,0.0,0.0,0.0,0.0
KI,2021,KI,Kiribati,0,0.0,0.0,0.0,0.0,0.0,0.0,0.0,0.0
KI,2022,KI,Kiribati,0,3430.0,13.0,0.0,0.0,3430.0,13.0,0.0,0.0
KM,2020,KM,Comoros,0,754.0,10.0,0.0,0.0,754.0,10.0,0.0,0.0
KM,2021,KM,Comoros,0,6081.0,148.0,0.0,0.0,6835.0,158.0,0.0,0.0
KM,2022,KM,Comoros,0,1632.0,2.0,0.0,0.0,8467.0,161.0,0.0,100289.0
KN,2020,KN,Saint Kitts and Nevis,0,32.0,0.0,0.0,0.0,32.0,0.0,0.0,0.0
KN,2021,KN,Saint Kitts and Nevis,0,3011.0,28.0,0.0,13712.0,3043.0,28.0,0.0,58933.0
KN,2022,KN,Saint Kitts and Nevis,0,3493.0,18.0,0.0,1915.0,6536.0,46.0,0.0,94440.0
KP,2020,KP,North Korea,0,0.0,0.0,0.0,3189.0,0.0,0.0,0.0,26244.0
KP,2021,KP,North Korea,0,0.0,0.0,0.0,0.0,0.0,0.0,0.0,99608.0
KP,2022,KP,North Korea,0,0.0,0.0,0.0,0.0,0.0,0.0,0.0,182968.0
KR,2020,KR,South Korea,0,62574.0,942.0,0.0,4910461.0,62574.0,942.0,0.0,4910461.0
KR,2021,KR,South Korea,0,576504.0,4752.0,0.0,40639863.0,639078.0,5694.0,0.0,45550324.0
KR,2022,KR,South Korea,0,23625392.0,21971.0,0.0,54719128.0,24264470.0,27665.0,0.0,100269452.0
KW,2020,KW,Kuwait,0,150869.0,936.0,0.0,1031993.0,150869.0,936.0,0.0,1258993.0
KW,2021,KW,Kuwait,0,266854.0,1532.0,0.0,4633669.0,417723.0,2468.0,0.0,5984074.0
KW,2022,KW,Kuwait,0,240022.0,95.0,0.0,1713386.0,657745.0,2563.0,0.0,8208880.0
KY,2020,KY,Cayman Islands,0,338.0,2.0,0.0,0.0,338.0,2.0,0.0,0.0
KY,2021,KY,Cayman Islands,0,8742.0,10.0,0.0,0.0,9080.0,12.0,0.0,0.0
KY,2022,KY,Cayman Islands,0,21465.0,19.0,0.0,9358.0,30545.0,31.0,0.0,9358.0
KZ,2020,KZ,Kazakhstan,0,202159.0,2749.0,0.0,5519252.0,202159.0,2749.0,0.0,5570389.0
KZ,2021,KZ,Kazakhstan,0,870840.0,15487.0,0.0,6273174.0,1072999.0,18236.0,0.0,11965068.0
KZ,2022,KZ,Kazakhstan,0,409095.0,811.0,0.0,0.0,1482094.0,19047.0,0.0,0.0
LA,2020,LA,Laos,0,41.0,0.0,0.0,0.0,41.0,0.0,0.0,0.0
LA,2021,LA,Laos,0,112042.0,374.0,0.0,853362.0,112083.0,374.0,0.0,853362.0
LA,2022,LA,Laos,0,103074.0,383.0,0.0,176875.0,215157.0,757.0,0.0,1030237.0
LB,2020,LB,Lebanon,0,183888.0,1466.0,0.0,0.0,183888.0,1466.0,0.0,0.0
LB,2021,LB,Lebanon,0,547400.0,7670.0,0.0,237492.0,731288.0,9136.0,0.0,4731376.0
LB,2022,LB,Lebanon,0,481912.0,1514.0,0.0,0.0,1213200.0,10650.0,0.0,0.0
LC,2020,LC,Saint Lucia,0,353.0,5.0,0.0,0.0,353.0,5.0,0.0,0.0
LC,2021,LC,Saint Lucia,0,13287.0,296.0,0.0,0.0,13640.0,301.0,0.0,0.0
LC,2022,LC,Saint Lucia,0,15319.0,92.0,0.0,1562.0,28959.0,393.0,0.0,208560.0
LI,2020,LI,Liechtenstein,0,2247.0,44.0,1810.0,21838.0,2247.0,44.0,1810.0,20941.0
LI,2021,LI,Liechtenstein,0,4082.0,25.0,3905.0,67625.0,6329.0,69.0,5715.0,88566.0
LI,2022,LI,Liechtenstein,0,13027.0,16.0,13478.0,32021.0,19390.0,86.0,19193.0,120587.0
LK,2020,LK,Sri Lanka,0,44371.0,211.0,0.0,1265017.0,44371.0,211.0,0.0,1265017.0
LK,2021,LK,Sri Lanka,0,543564.0,14808.0,0.0,5438586.0,587935.0,15019.0,0.0,6703603.0
LK,2022,LK,Sri Lanka,0,82584.0,1718.0,0.0,987442.0,670519.0,16737.0,0.0,7691045.0
LR,2020,LR,Liberia,0,1856.0,89.0,0.0,0.0,1856.0,89.0,0.0,0.0
LR,2021,LR,Liberia,0,4888.0,198.0,0.0,0.0,6744.0,287.0,0.0,0.0
LR,2022,LR,Liberia,0,1185.0,7.0,0.0,0.0,7929.0,294.0,0.0,139824.0
LS,2020,LS,Lesotho,0,2577.0,64.0,0.0,0.0,2577.0,64.0,0.0,0.0
LS,2021,LS,Lesotho,0,27411.0,609.0,0.0,0.0,29988.0,673.0,0.0,0.0
LS,2022,LS,Lesotho,0,4299.0,31.0,0.0,553.0,34287.0,704.0,0.0,459732.0
LT,2020,LT,Lithuania,0,149105.0,1893.0,0.0,1646429.0,149105.0,1893.0,0.0,1646429.0
LT,2021,LT,Lithuania,0,378801.0,5541.0,0.0,5265312.0,527906.0,7434.0,0.0,6911741.0
LT,2022,LT,Lithuania,0,704461.0,1867.0,0.0,1806445.0,1232367.0,9301.0,0.0,8718186.0
LU,2020,LU,Luxembourg,0,46736.0,509.0,0.0,787441.0,46736.0,509.0,0.0,1651995.0
LU,2021,LU,Luxembourg,0,58282.0,407.0,0.0,2172369.0,105018.0,916.0,0.0,3824364.0
LU,2022,LU,Luxembourg,0,183509.0,210.0,0.0,475537.0,288527.0,1126.0,0.0,4299901.0
LV,2020,LV,Latvia,0,41929.0,668.0,0.0,880975.0,41929.0,668.0,0.0,880975.0
LV,2021,LV,Latvia,0,235092.0,3911.0,0.0,4677188.0,277021.0,4579.0,0.0,5558163.0
LV,2022,LV,Latvia,0,634981.0,1386.0,0.0,1705403.0,912002.0,5965.0,0.0,7263566.0
LY,2020,LY,Libya,0,100744.0,1487.0,0.0,440187.0,100744.0,1487.0,0.0,0.0
LY,2021,LY,Libya,0,287990.0,4223.0,0.0,1228616.0,388734.0,5710.0,0.0,0.0
LY,2022,LY,Libya,0,118175.0,727.0,0.0,311734.0,506909.0,6437.0,0.0,0.0
MA,2020,MA,Morocco,0,440970.0,7425.0,0.0,4398413.0,440970.0,7425.0,0.0,4473704.0
MA,2021,MA,Morocco,0,524450.0,7426.0,0.0,4934270.0,965420.0,14851.0,0.0,9899598.0
MA,2022,MA,Morocco,0,299291.0,1425.0,0.0,1155022.0,1264711.0,16276.0,0.0,11738659.0
MC,2020,MC,Monaco,0,885.0,3.0,0.0,0.0,885.0,3.0,0.0,0.0
MC,2021,MC,Monaco,0,4325.0,36.0,0.0,0.0,5210.0,39.0,0.0,0.0
MC,2022,MC,Monaco,0,9261.0,24.0,0.0,0.0,14471.0,63.0,0.0,0.0
MD,2020,MD,Moldova,0,145258.0,3155.0,0.0,195496.0,145258.0,3155.0,0.0,0.0
MD,2021,MD,Moldova,0,231176.0,7129.0,0.0,1852284.0,376434.0,10284.0,0.0,0.0
MD,2022,MD,Moldova,0,206749.0,1524.0,0.0,512557.0,583183.0,11808.0,0.0,0.0
ME,2020,ME,Montenegro,0,48544.0,682.0,0.0,0.0,48544.0,682.0,0.0,0.0
ME,2021,ME,Montenegro,0,123423.0,1729.0,0.0,0.0,171967.0,2411.0,0.0,0.0
ME,2022,ME,Montenegro,0,105838.0,367.0,0.0,0.0,277805.0,2778.0,0.0,0.0
MG,2020,MG,Madagascar,0,17767.0,262.0,0.0,28934.0,17767.0,262.0,0.0,101223.0
MG,2021,MG,Madagascar,0,34667.0,805.0,0.0,96542.0,52434.0,1067.0,0.0,331121.0
MG,2022,MG,Madagascar,0,14218.0,343.0,0.0,0.0,66652.0,1410.0,0.0,451753.0
MH,2020,MH,Marshall Islands,0,4.0,0.0,0.0,94.0,4.0,0.0,0.0,94.0
MH,2021,MH,Marshall Islands,0,0.0,0.0,0.0,3090.0,4.0,0.0,0.0,3184.0
MH,2022,MH,Marshall Islands,0,15176.0,17.0,0.0,0.0,15180.0,17.0,0.0,0.0
MK,2020,MK,Macedonia,0,83743.0,2510.0,0.0,399355.0,83743.0,2510.0,0.0,402481.0
MK,2021,MK,Macedonia,0,141732.0,5475.0,0.0,347222.0,225475.0,7985.0,0.0,1511884.0
MK,2022,MK,Macedonia,0,116414.0,1531.0,0.0,52754.0,341889.0,9516.0,0.0,2074132.0
ML,2020,ML,Mali,0,7201.0,271.0,0.0,0.0,7201.0,271.0,0.0,0.0
ML,2021,ML,Mali,0,14177.0,397.0,0.0,0.0,21378.0,668.0,0.0,0.0
ML,2022,ML,Mali,0,11007.0,71.0,0.0,605.0,32385.0,739.0,0.0,708110.0
MM,2020,MM,Myanmar,0,125616.0,2711.0,0.0,1759498.0,125616.0,2711.0,0.0,1833995.0
MM,2021,MM,Myanmar,0,405409.0,16563.0,0.0,2484638.0,531025.0,19274.0,0.0,4791847.0
MM,2022,MM,Myanmar,0,86714.0,170.0,0.0,412324.0,617739.0,19444.0,0.0,8332037.0
MN,2020,MN,Mongolia,0,1242.0,1.0,0.0,509069.0,1242.0,1.0,0.0,618748.0
MN,2021,MN,Mongolia,0,692304.0,1986.0,0.0,4863380.0,693546.0,1987.0,0.0,6392729.0
MN,2022,MN,Mongolia,0,288072.0,143.0,0.0,117744.0,981618.0,2130.0,0.0,7408778.0
MO,2020,MO,Macau,0,36.0,0.0,41.0,0.0,46.0,0.0,46.0,0.0
MO,2021,MO,Macau,0,33.0,0.0,31.0,0.0,79.0,0.0,77.0,0.0
MO,2022,MO,Macau,0,714.0,6.0,710.0,0.0,793.0,6.0,787.0,0.0
MP,2020,MP,Northern Mariana Islands,0,122.0,2.0,0.0,27103.0,122.0,2.0,0.0,27103.0
MP,2021,MP,Northern Mariana Islands,0,3165.0,12.0,0.0,32007.0,3287.0,14.0,0.0,59110.0
MP,2022,MP,Northern Mariana Islands,0,9868.0,26.0,0.0,0.0,13155.0,40.0,0.0,0.0
MQ,2020,MQ,Martinique,0,6091.0,43.0,0.0,0.0,6091.0,43.0,0.0,0.0
MQ,2021,MQ,Martinique,0,43914.0,741.0,0.0,0.0,50005.0,784.0,0.0,0.0
MQ,2022,MQ,Martinique,0,169524.0,252.0,0.0,0.0,219529.0,1036.0,0.0,0.0
MR,2020,MR,Mauritania,0,14581.0,350.0,0.0,21560.0,14581.0,350.0,0.0,104875.0
MR,2021,MR,Mauritania,0,27286.0,520.0,0.0,1869.0,41867.0,870.0,0.0,254282.0
MR,2022,MR,Mauritania,0,20911.0,123.0,0.0,21776.0,62778.0,993.0,0.0,998154.0
MS,2020,MS,Montserrat,0,13.0,1.0,0.0,0.0,13.0,1.0,0.0,0.0
MS,2021,MS,Montserrat,0,37.0,0.0,0.0,0.0,50.0,1.0,0.0,0.0
MS,2022,MS,Montserrat,0,1276.0,7.0,0.0,0.0,1326.0,8.0,0.0,0.0
MT,2020,MT,Malta,0,13102.0,220.0,0.0,403716.0,13102.0,220.0,0.0,517536.0
MT,2021,MT,Malta,0,41145.0,259.0,0.0,1037858.0,54247.0,479.0,0.0,1555394.0
MT,2022,MT,Malta,0,60101.0,324.0,0.0,395464.0,114348.0,803.0,0.0,1950858.0
MU,2020,MU,Mauritius,0,527.0,10.0,0.0,0.0,527.0,10.0,0.0,0.0
MU,2021,MU,Mauritius,0,90950.0,776.0,0.0,0.0,91477.0,786.0,0.0,0.0
MU,2022,MU,Mauritius,0,169470.0,238.0,0.0,0.0,260947.0,1024.0,0.0,1282782.0
MV,2020,MV,Maldives,0,13834.0,48.0,0.0,308457.0,13834.0,48.0,0.0,308457.0
MV,2021,MV,Maldives,0,82218.0,214.0,0.0,1565305.0,96052.0,262.0,0.0,1873762.0
MV,2022,MV,Maldives,0,88914.0,46.0,0.0,337351.0,184966.0,308.0,0.0,2211113.0
MW,2020,MW,Malawi,0,6683.0,191.0,0.0,57004.0,6683.0,191.0,0.0,85449.0
MW,2021,MW,Malawi,0,69145.0,2177.0,0.0,19492.0,75828.0,2368.0,0.0,309766.0
MW,2022,MW,Malawi,0,12014.0,307.0,0.0,6734.0,87842.0,2675.0,0.0,589303.0
MX,2019,MX,Mexico,0,0.0,0.0,0.0,25.0,0.0,0.0,0.0,25.0
MX,2020,MX,Mexico,0,1522878.0,149455.0,0.0,3466414.0,1522878.0,149455.0,0.0,3466439.0
MX,2021,MX,Mexico,0,2536021.0,154570.0,0.0,8586256.0,4058899.0,304025.0,0.0,12052695.0
MX,2022,MX,Mexico,0,2978564.0,23985.0,0.0,3516769.0,2978564.0,23985.0,0.0,15569464.0
MY,2020,MY,Malaysia,0,113014.0,471.0,88940.0,4317443.0,113010.0,471.0,88940.0,4317441.0
MY,2021,MY,Malaysia,0,2645076.0,31016.0,2596438.0,37528299.0,2758086.0,31487.0,2685378.0,41845740.0
MY,2022,MY,Malaysia,0,2055616.0,4812.0,2064820.0,22265536.0,4813702.0,36299.0,4750198.0,64111276.0
MZ,2020,MZ,Mozambique,0,18794.0,167.0,0.0,268814.0,18794.0,167.0,0.0,273329.0
MZ,2021,MZ,Mozambique,0,172928.0,1845.0,0.0,659468.0,191722.0,2012.0,0.0,1067326.0
MZ,2022,MZ,Mozambique,0,38462.0,210.0,0.0,15769.0,230184.0,2222.0,0.0,1341769.0
NC,2020,NC,New Caledonia,0,38.0,0.0,0.0,0.0,38.0,0.0,0.0,0.0
NC,2021,NC,New Caledonia,0,12890.0,281.0,0.0,0.0,12928.0,281.0,0.0,0.0
NC,2022,NC,New Caledonia,0,61294.0,33.0,0.0,0.0,74222.0,314.0,0.0,0.0
NE,2020,NE,Niger,0,3403.0,106.0,0.0,0.0,3403.0,106.0,0.0,0.0
NE,2021,NE,Niger,0,4035.0,170.0,0.0,0.0,7438.0,276.0,0.0,0.0
NE,2022,NE,Niger,0,1950.0,36.0,0.0,1713.0,9388.0,312.0,0.0,254538.0
NG,2020,NG,Nigeria,0,88587.0,1294.0,0.0,511053.0,88587.0,1294.0,0.0,948048.0
NG,2021,NG,Nigeria,0,154290.0,1739.0,0.0,191002.0,242877.0,3033.0,0.0,3823309.0
NG,2022,NG,Nigeria,0,21740.0,121.0,0.0,0.0,264617.0,3154.0,0.0,5279608.0
NI,2020,NI,Nicaragua,0,4829.0,165.0,0.0,0.0,4829.0,165.0,0.0,0.0
NI,2021,NI,Nicaragua,0,8734.0,52.0,0.0,0.0,13563.0,217.0,0.0,0.0
NI,2022,NI,Nicaragua,0,1427.0,27.0,0.0,0.0,14990.0,244.0,0.0,196380.0
NL,2020,NL,Netherlands,0,803707.0,11495.0,0.0,6263853.0,803707.0,11495.0,0.0,6263853.0
NL,2021,NL,Netherlands,0,2343451.0,9449.0,0.0,15876197.0,3147158.0,20944.0,0.0,22140050.0
NL,2022,NL,Netherlands,0,5254114.0,1676.0,0.0,8547296.0,8401272.0,22620.0,0.0,30687346.0
NO,2020,NO,Norway,0,50217.0,436.0,0.0,2744407.0,50217.0,436.0,0.0,2744407.0
NO,2021,NO,Norway,0,347521.0,984.0,0.0,6520364.0,397738.0,1420.0,0.0,9264771.0
NO,2022,NO,Norway,0,1063463.0,2618.0,0.0,1889793.0,1461201.0,4038.0,0.0,11154564.0
NP,2020,NP,Nepal,0,261438.0,2776.0,0.0,1913138.0,261438.0,2776.0,0.0,1937702.0
NP,2021,NP,Nepal,0,567548.0,8820.0,0.0,3679917.0,828986.0,11596.0,0.0,5694312.0
NP,2022,NP,Nepal,0,170135.0,419.0,0.0,809848.0,999121.0,12015.0,0.0,6969050.0
NR,2020,NR,Nauru,0,0.0,0.0,0.0,0.0,0.0,0.0,0.0,0.0
NR,2021,NR,Nauru,0,0.0,0.0,0.0,0.0,0.0,0.0,0.0,0.0
NR,2022,NR,Nauru,0,4610.0,1.0,0.0,0.0,4610.0,1.0,0.0,0.0
NU,2020,NU,Niue,0,0.0,0.0,0.0,0.0,0.0,0.0,0.0,0.0
NU,2021,NU,Niue,0,0.0,0.0,0.0,0.0,0.0,0.0,0.0,0.0
NU,2022,NU,Niue,0,78.0,0.0,0.0,0.0,78.0,0.0,0.0,0.0
NZ,2020,NZ,New Zealand,0,2201.0,25.0,0.0,1288433.0,2174.0,25.0,0.0,1405854.0
NZ,2021,NZ,New Zealand,0,12055.0,26.0,0.0,2690895.0,14204.0,51.0,0.0,5577146.0
NZ,2022,NZ,New Zealand,0,1732027.0,2904.0,0.0,278746.0,1745181.0,2955.0,0.0,7264156.0
OM,2020,OM,Oman,0,128867.0,1499.0,0.0,0.0,128867.0,1499.0,0.0,0.0
OM,2021,OM,Oman,0,176843.0,2984.0,0.0,0.0,305710.0,4483.0,0.0,0.0
OM,2022,OM,Oman,0,92283.0,145.0,0.0,0.0,397993.0,4628.0,0.0,2031675.0
PA,2020,PA,Panama,0,246790.0,4022.0,0.0,1313013.0,246790.0,4022.0,0.0,1313780.0
PA,2021,PA,Panama,0,249130.0,3406.0,0.0,3044941.0,495920.0,7428.0,0.0,4521045.0
PA,2022,PA,Panama,0,488314.0,1059.0,0.0,1292813.0,984234.0,8487.0,0.0,6499239.0
PE,2020,PE,Peru,0,1022612.0,93978.0,0.0,0.0,1022603.0,93978.0,0.0,5537730.0
PE,2021,PE,Peru,0,1281371.0,108696.0,0.0,0.0,2303974.0,202674.0,0.0,21843645.0
PE,2022,PE,Peru,0,1839310.0,13744.0,0.0,0.0,4127612.0,216173.0,0.0,28971116.0
PF,2020,PF,French Polynesia,0,16926.0,114.0,0.0,0.0,16926.0,114.0,0.0,0.0
PF,2021,PF,French Polynesia,0,29499.0,522.0,0.0,0.0,46425.0,636.0,0.0,0.0
PF,2022,PF,French Polynesia,0,30153.0,13.0,0.0,0.0,76578.0,649.0,0.0,0.0
PG,2020,PG,Papua New Guinea,0,780.0,9.0,0.0,0.0,780.0,9.0,0.0,0.0
PG,2021,PG,Papua New Guinea,0,35410.0,581.0,0.0,0.0,36190.0,590.0,0.0,0.0
PG,2022,PG,Papua New Guinea,0,8741.0,74.0,0.0,0.0,44931.0,664.0,0.0,249149.0
PH,2020,PH,Philippines,0,477294.0,11459.0,157243.0,6387800.0,477292.0,11459.0,157243.0,6408076.0
PH,2021,PH,Philippines,0,2366669.0,39873.0,251743.0,17370116.0,2843869.0,51504.0,408986.0,23778192.0
PH,2022,PH,Philippines,0,1067618.0,10912.0,0.0,4059605.0,3911487.0,62416.0,0.0,28472887.0
PK,2020,PK,Pakistan,0,482242.0,9912.0,0.0,6695117.0,479951.0,9881.0,0.0,6678264.0
PK,2021,PK,Pakistan,0,813781.0,18766.0,0.0,16656786.0,1293732.0,28647.0,0.0,23335050.0
PK,2022,PK,Pakistan,0,293549.0,1671.0,0.0,36864786.0,1583784.0,30604.0,0.0,60199836.0
PL,2020,PL,Poland,0,1313001.0,29131.0,0.0,1416475.0,1315974.0,29143.0,0.0,7604343.0
PL,2021,PL,Poland,0,2813036.0,68808.0,0.0,18806872.0,4129033.0,97595.0,0.0,27906302.0
PL,2022,PL,Poland,0,2075303.0,19751.0,0.0,9888331.0,6233117.0,117316.0,0.0,36962382.0
PN,2020,PN,Pitcairn Islands,0,0.0,0.0,0.0,0.0,0.0,0.0,0.0,0.0
PN,2021,PN,Pitcairn Islands,0,0.0,0.0,0.0,0.0,0.0,0.0,0.0,0.0
PN,2022,PN,Pitcairn Islands,0,4.0,0.0,0.0,0.0,4.0,0.0,0.0,0.0
PR,2020,PR,Puerto Rico,0,77054.0,1521.0,0.0,364462.0,77054.0,1521.0,0.0,364462.0
PR,2021,PR,Puerto Rico,0,195236.0,1787.0,0.0,1881769.0,272290.0,3308.0,0.0,2246231.0
PR,2022,PR,Puerto Rico,0,671682.0,1745.0,0.0,772884.0,943972.0,5053.0,0.0,3019115.0
PS,2020,PS,Palestine,0,156815.0,1550.0,0.0,644232.0,156815.0,1550.0,0.0,0.0
PS,2021,PS,Palestine,0,313843.0,3392.0,0.0,1855022.0,470658.0,4942.0,0.0,0.0
PS,2022,PS,Palestine,0,232110.0,765.0,0.0,551264.0,702768.0,5707.0,0.0,0.0
PT,2020,PT,Portugal,0,399592.0,6977.0,30049.0,5695729.0,400591.0,6984.0,30049.0,5695754.0
PT,2021,PT,Portugal,0,1013946.0,11989.0,0.0,21191752.0,1414537.0,18973.0,0.0,26887506.0
PT,2022,PT,Portugal,0,4036923.0,5971.0,0.0,15937925.0,5451460.0,24944.0,0.0,42825431.0
PW,2020,PW,Palau,0,0.0,0.0,0.0,0.0,0.0,0.0,0.0,0.0
PW,2021,PW,Palau,0,12.0,0.0,0.0,0.0,12.0,0.0,0.0,0.0
PW,2022,PW,Palau,0,5447.0,6.0,0.0,0.0,5430.0,6.0,0.0,59627.0
PY,2020,PY,Paraguay,0,107932.0,2262.0,0.0,563487.0,107932.0,2262.0,0.0,563496.0
PY,2021,PY,Paraguay,0,360093.0,14367.0,0.0,1489508.0,468025.0,16629.0,0.0,2053004.0
PY,2022,PY,Paraguay,0,247781.0,2901.0,0.0,544475.0,715806.0,19530.0,0.0,2609819.0
QA,2020,QA,Qatar,0,144042.0,245.0,0.0,0.0,144042.0,245.0,0.0,0.0
QA,2021,QA,Qatar,0,107319.0,373.0,0.0,4195125.0,251361.0,618.0,0.0,4195125.0
QA,2022,QA,Qatar,0,187138.0,64.0,0.0,3379298.0,438499.0,682.0,0.0,7574423.0
RE,2020,RE,Réunion,0,9037.0,42.0,0.0,0.0,9037.0,42.0,0.0,0.0
RE,2021,RE,Réunion,0,67565.0,367.0,0.0,0.0,76602.0,409.0,0.0,0.0
RE,2022,RE,Réunion,0,398021.0,475.0,0.0,0.0,474623.0,884.0,0.0,0.0
RO,2020,RO,Romania,0,627123.0,15662.0,553822.0,0.0,632263.0,15767.0,560793.0,4479391.0
RO,2021,RO,Romania,0,1130876.0,41668.0,1108017.0,0.0,1808891.0,58752.0,1738999.0,16695984.0
RO,2022,RO,Romania,0,1403659.0,7792.0,760133.0,0.0,3247140.0,66882.0,2606660.0,21260367.0
RS,2020,RS,Serbia,0,339997.0,3250.0,0.0,2305552.0,339997.0,3250.0,0.0,2305585.0
RS,2021,RS,Serbia,0,960952.0,9489.0,0.0,4944764.0,1300949.0,12739.0,0.0,7250349.0
RS,2022,RS,Serbia,0,1023770.0,4107.0,0.0,2602550.0,2324719.0,16846.0,0.0,9852899.0
RU,2020,RU,Russia,0,3186336.0,57555.0,0.0,87120464.0,3186336.0,57555.0,0.0,91123132.0
RU,2021,RU,Russia,0,7333397.0,252152.0,0.0,60597999.0,10519733.0,309707.0,0.0,240477547.0
RU,2022,RU,Russia,0,9745271.0,76020.0,0.0,8297352.0,20265004.0,385727.0,0.0,295244836.0
RW,2020,RW,Rwanda,0,8460.0,94.0,0.0,627970.0,8460.0,94.0,0.0,725804.0
RW,2021,RW,Rwanda,0,104194.0,1257.0,0.0,1973703.0,112654.0,1351.0,0.0,4010433.0
RW,2022,RW,Rwanda,0,19820.0,115.0,0.0,1427479.0,132474.0,1466.0,0.0,5534918.0
SA,2020,SA,Saudi Arabia,0,362878.0,6230.0,0.0,11073936.0,362878.0,6230.0,0.0,11073936.0
SA,2021,SA,Saudi Arabia,0,194204.0,2648.0,0.0,22322288.0,557082.0,8878.0,0.0,33396224.0
SA,2022,SA,Saudi Arabia,0,257747.0,444.0,0.0,9855161.0,814829.0,9322.0,0.0,43251385.0
SB,2020,SB,Solomon Islands,0,17.0,0.0,0.0,0.0,17.0,0.0,0.0,0.0
SB,2021,SB,Solomon Islands,0,7.0,0.0,0.0,0.0,24.0,0.0,0.0,0.0
SB,2022,SB,Solomon Islands,0,21520.0,153.0,0.0,0.0,21544.0,153.0,0.0,0.0
SC,2020,SC,Seychelles,0,274.0,1.0,0.0,0.0,274.0,1.0,0.0,0.0
SC,2021,SC,Seychelles,0,24889.0,125.0,0.0,0.0,25163.0,126.0,0.0,0.0
SC,2022,SC,Seychelles,0,21195.0,43.0,0.0,0.0,46358.0,169.0,0.0,0.0
SD,2020,SD,Sudan,0,25800.0,1577.0,0.0,0.0,25800.0,1577.0,0.0,0.0
SD,2021,SD,Sudan,0,21188.0,1760.0,0.0,0.0,46988.0,3337.0,0.0,0.0
SD,2022,SD,Sudan,0,16287.0,1624.0,0.0,0.0,63275.0,4961.0,0.0,562941.0
SE,2020,SE,Sweden,0,454759.0,9848.0,0.0,4208492.0,454758.0,9848.0,0.0,4208492.0
SE,2021,SE,Sweden,0,881840.0,5534.0,0.0,10997914.0,1336598.0,15382.0,0.0,15206406.0
SE,2022,SE,Sweden,0,1241923.0,4624.0,0.0,3201179.0,2578521.0,20006.0,0.0,18407585.0
SG,2020,SG,Singapore,0,58629.0,29.0,0.0,0.0,58629.0,29.0,0.0,0.0
SG,2021,SG,Singapore,0,221232.0,800.0,0.0,0.0,279861.0,829.0,0.0,0.0
SG,2022,SG,Singapore,0,1587307.0,775.0,0.0,14598500.0,1867168.0,1604.0,0.0,0.0
SH,2020,SH,Saint Helena,0,0.0,0.0,0.0,0.0,0.0,0.0,0.0,0.0
SH,2021,SH,Saint Helena,0,0.0,0.0,0.0,0.0,0.0,0.0,0.0,0.0
SH,2022,SH,Saint Helena,0,0.0,0.0,0.0,0.0,0.0,0.0,0.0,0.0
SI,2020,SI,Slovenia,0,124190.0,2725.0,6256.0,728451.0,123777.0,2735.0,6256.0,725850.0
SI,2021,SI,Slovenia,0,341911.0,2814.0,14145.0,11679309.0,465688.0,6042.0,20401.0,12405159.0
SI,2022,SI,Slovenia,0,680773.0,1695.0,3890.0,5579702.0,1149364.0,8191.0,24291.0,17197882.0
SK,2020,SK,Slovakia,0,186244.0,2250.0,0.0,3258948.0,186244.0,2250.0,0.0,3258948.0
SK,2021,SK,Slovakia,0,658365.0,14451.0,0.0,43172677.0,844609.0,16701.0,0.0,46431625.0
SK,2022,SK,Slovakia,0,993784.0,3725.0,0.0,4806857.0,1838393.0,20426.0,0.0,51238482.0
SL,2020,SL,Sierra Leone,0,2635.0,76.0,0.0,8333.0,2635.0,76.0,0.0,8333.0
SL,2021,SL,Sierra Leone,0,4479.0,47.0,0.0,22952.0,7114.0,123.0,0.0,31285.0
SL,2022,SL,Sierra Leone,0,635.0,2.0,0.0,0.0,7749.0,126.0,0.0,428517.0
SM,2020,SM,San Marino,0,2480.0,61.0,0.0,0.0,2480.0,61.0,0.0,0.0
SM,2021,SM,San Marino,0,5943.0,39.0,0.0,0.0,8423.0,100.0,0.0,0.0
SM,2022,SM,San Marino,0,12129.0,18.0,0.0,0.0,20552.0,118.0,0.0,0.0
SN,2020,SN,Senegal,0,19364.0,410.0,0.0,279467.0,19364.0,410.0,0.0,279467.0
SN,2021,SN,Senegal,0,55973.0,1480.0,0.0,656854.0,75337.0,1890.0,0.0,936321.0
SN,2022,SN,Senegal,0,12893.0,78.0,0.0,165778.0,88230.0,1968.0,0.0,1102099.0
SO,2020,SO,Somalia,0,4714.0,130.0,0.0,0.0,4714.0,130.0,0.0,0.0
SO,2021,SO,Somalia,0,18818.0,1203.0,0.0,0.0,23532.0,1333.0,0.0,0.0
SO,2022,SO,Somalia,0,3665.0,28.0,0.0,0.0,27197.0,1361.0,0.0,501224.0
SR,2020,SR,Suriname,0,6210.0,122.0,0.0,10118.0,6210.0,122.0,0.0,10118.0
SR,2021,SR,Suriname,0,46236.0,1067.0,0.0,45821.0,52446.0,1189.0,0.0,55939.0
SR,2022,SR,Suriname,0,28632.0,195.0,0.0,28245.0,81078.0,1384.0,0.0,84184.0
SS,2020,SS,South Sudan,0,3565.0,64.0,0.0,23037.0,3565.0,64.0,0.0,76232.0
SS,2021,SS,South Sudan,0,12073.0,72.0,0.0,31682.0,15638.0,136.0,0.0,164472.0
SS,2022,SS,South Sudan,0,2142.0,2.0,0.0,4183.0,17780.0,138.0,0.0,410280.0
ST,2020,ST,São Tomé and Príncipe,0,1022.0,17.0,0.0,0.0,1022.0,17.0,0.0,0.0
ST,2021,ST,São Tomé and Príncipe,0,2881.0,40.0,0.0,0.0,3903.0,57.0,0.0,0.0
ST,2022,ST,São Tomé and Príncipe,0,2274.0,19.0,0.0,4694.0,6177.0,76.0,0.0,4694.0
SV,2020,SV,El Salvador,0,45960.0,1343.0,0.0,621580.0,45960.0,1343.0,0.0,621580.0
SV,2021,SV,El Salvador,0,75985.0,2481.0,0.0,542993.0,121945.0,3824.0,0.0,1164573.0
SV,2022,SV,El Salvador,0,79840.0,404.0,0.0,757052.0,201785.0,4228.0,0.0,1921625.0
SX,2020,SX,Sint Maarten,0,1434.0,27.0,0.0,0.0,1434.0,27.0,0.0,0.0
SX,2021,SX,Sint Maarten,0,3763.0,48.0,0.0,0.0,5197.0,75.0,0.0,0.0
SX,2022,SX,Sint Maarten,0,5658.0,12.0,0.0,0.0,10855.0,87.0,0.0,0.0
SY,2020,SY,Syria,0,11526.0,717.0,0.0,0.0,11526.0,717.0,0.0,0.0
SY,2021,SY,Syria,0,38784.0,2184.0,0.0,0.0,50310.0,2901.0,0.0,0.0
SY,2022,SY,Syria,0,6887.0,262.0,0.0,0.0,57197.0,3163.0,0.0,175957.0
SZ,2020,SZ,Swaziland,0,9480.0,215.0,0.0,0.0,9480.0,215.0,0.0,0.0
SZ,2021,SZ,Swaziland,0,56761.0,1093.0,0.0,0.0,66241.0,1308.0,0.0,0.0
SZ,2022,SZ,Swaziland,0,7133.0,114.0,0.0,333.0,73374.0,1422.0,0.0,549656.0
TC,2020,TC,Turks and Caicos Islands,0,893.0,6.0,0.0,0.0,893.0,6.0,0.0,0.0
TC,2021,TC,Turks and Caicos Islands,0,2515.0,20.0,0.0,0.0,3408.0,26.0,0.0,0.0
TC,2022,TC,Turks and Caicos Islands,0,2972.0,10.0,0.0,0.0,6380.0,36.0,0.0,0.0
TD,2020,TD,Chad,0,2141.0,105.0,0.0,0.0,2141.0,105.0,0.0,0.0
TD,2021,TD,Chad,0,4042.0,79.0,0.0,0.0,6183.0,184.0,0.0,0.0
TD,2022,TD,Chad,0,1375.0,9.0,0.0,0.0,7558.0,193.0,0.0,218873.0
TG,2020,TG,Togo,0,3662.0,68.0,0.0,179245.0,3662.0,68.0,0.0,181012.0
TG,2021,TG,Togo,0,27503.0,180.0,0.0,437831.0,31165.0,248.0,0.0,618843.0
TG,2022,TG,Togo,0,7513.0,36.0,0.0,90987.0,38678.0,284.0,0.0,749695.0
TH,2020,TH,Thailand,0,6885.0,61.0,4240.0,1643947.0,6884.0,61.0,4240.0,1643947.0
TH,2021,TH,Thailand,0,2216551.0,21637.0,2164254.0,16110620.0,2223435.0,21698.0,2168494.0,17754567.0
TH,2022,TH,Thailand,0,2448711.0,10905.0,2460902.0,6979236.0,4672146.0,32603.0,4629396.0,24733803.0
TJ,2020,TJ,Tajikistan,0,13671.0,91.0,0.0,0.0,13671.0,91.0,0.0,0.0
TJ,2021,TJ,Tajikistan,0,3822.0,34.0,0.0,0.0,17493.0,125.0,0.0,0.0
TJ,2022,TJ,Tajikistan,0,293.0,0.0,0.0,0.0,17786.0,125.0,0.0,0.0
TK,2020,TK,Tokelau,0,0.0,0.0,0.0,0.0,0.0,0.0,0.0,0.0
TK,2021,TK,Tokelau,0,0.0,0.0,0.0,0.0,0.0,0.0,0.0,0.0
TK,2022,TK,Tokelau,0,0.0,0.0,0.0,0.0,0.0,0.0,0.0,0.0
TL,2020,TL,East Timor,0,44.0,0.0,0.0,0.0,44.0,0.0,0.0,0.0
TL,2021,TL,East Timor,0,19795.0,122.0,0.0,7505.0,19839.0,122.0,0.0,211166.0
TL,2022,TL,East Timor,0,3398.0,16.0,0.0,1649.0,23237.0,138.0,0.0,264839.0
TM,2020,TM,Turkmenistan,0,0.0,0.0,0.0,0.0,0.0,0.0,0.0,0.0
TM,2021,TM,Turkmenistan,0,0.0,0.0,0.0,0.0,0.0,0.0,0.0,0.0
TM,2022,TM,Turkmenistan,0,0.0,0.0,0.0,0.0,0.0,0.0,0.0,0.0
TN,2020,TN,Tunisia,0,140557.0,4730.0,0.0,0.0,140557.0,4730.0,0.0,0.0
TN,2021,TN,Tunisia,0,587286.0,20846.0,0.0,825252.0,727843.0,25576.0,0.0,3353887.0
TN,2022,TN,Tunisia,0,417320.0,3667.0,0.0,176555.0,1145163.0,29243.0,0.0,4647813.0
TO,2020,TO,Tonga,0,0.0,0.0,0.0,0.0,0.0,0.0,0.0,0.0
TO,2021,TO,Tonga,0,1.0,0.0,0.0,0.0,1.0,0.0,0.0,0.0
TO,2022,TO,Tonga,0,16181.0,12.0,0.0,0.0,16182.0,12.0,0.0,0.0
TR,2020,TR,Turkey,0,2208652.0,20881.0,0.0,24464277.0,2208652.0,20881.0,0.0,24464277.0
TR,2021,TR,Turkey,0,7273898.0,61480.0,0.0,94520585.0,9482550.0,82361.0,0.0,118984862.0
TR,2022,TR,Turkey,0,7369832.0,18707.0,0.0,44179671.0,16852382.0,101068.0,0.0,163164533.0
TT,2020,TT,Trinidad and Tobago,0,7150.0,127.0,0.0,1539.0,7150.0,127.0,0.0,72322.0
TT,2021,TT,Trinidad and Tobago,0,84749.0,2742.0,0.0,424245.0,91899.0,2869.0,0.0,511818.0
TT,2022,TT,Trinidad and Tobago,0,89668.0,1307.0,0.0,240495.0,181567.0,4176.0,0.0,768404.0
TV,2020,TV,Tuvalu,0,0.0,0.0,0.0,0.0,0.0,0.0,0.0,0.0
TV,2021,TV,Tuvalu,0,0.0,0.0,0.0,0.0,0.0,0.0,0.0,0.0
TV,2022,TV,Tuvalu,0,20.0,0.0,0.0,0.0,20.0,0.0,0.0,0.0
TW,2020,TW,Taiwan,0,876.0,7.0,671.0,127187.0,799.0,7.0,671.0,127187.0
TW,2021,TW,Taiwan,0,16294.0,843.0,13071.0,4851928.0,17049.0,850.0,13751.0,4979115.0
TW,2022,TW,Taiwan,0,5874783.0,9573.0,0.0,8042406.0,5849748.0,10423.0,13742.0,13021521.0
TZ,2020,TZ,Tanzania,0,509.0,21.0,0.0,0.0,509.0,21.0,0.0,0.0
TZ,2021,TZ,Tanzania,0,30055.0,719.0,0.0,0.0,30564.0,740.0,0.0,0.0
TZ,2022,TZ,Tanzania,0,8689.0,105.0,0.0,0.0,39253.0,845.0,0.0,455776.0
UA,2020,UA,Ukraine,0,1055047.0,18533.0,709993.0,4182868.0,1055047.0,18533.0,709993.0,5585615.0
UA,2021,UA,Ukraine,0,2612602.0,77366.0,2758865.0,8034923.0,3667649.0,95899.0,3468858.0,16809292.0
UA,2022,UA,Ukraine,0,1411320.0,12775.0,589162.0,1159598.0,5096397.0,108955.0,4058020.0,19288823.0
UG,2020,UG,Uganda,0,35712.0,305.0,0.0,672651.0,35712.0,305.0,0.0,753602.0
UG,2021,UG,Uganda,0,110318.0,3001.0,0.0,1273687.0,146030.0,3306.0,0.0,2166777.0
UG,2022,UG,Uganda,0,22971.0,322.0,0.0,173982.0,169001.0,3628.0,0.0,2749166.0
US,2020,US,United States of America,0,19625819.0,333880.0,0.0,259150908.0,19694998.0,336170.0,0.0,259150908.0
US,2021,US,United States of America,0,33383245.0,437934.0,0.0,468468310.0,53349300.0,790032.0,0.0,727619218.0
US,2022,US,United States of America,0,38781534.0,216214.0,0.0,185149906.0,92440495.0,1005195.0,0.0,912769124.0
UY,2020,UY,Uruguay,0,19119.0,181.0,0.0,643633.0,19119.0,181.0,0.0,643838.0
UY,2021,UY,Uruguay,0,394264.0,5989.0,0.0,3776826.0,413383.0,6170.0,0.0,4420664.0
UY,2022,UY,Uruguay,0,569463.0,1292.0,0.0,1666171.0,982846.0,7462.0,0.0,6086835.0
UZ,2020,UZ,Uzbekistan,0,77182.0,614.0,0.0,0.0,77182.0,614.0,0.0,0.0
UZ,2021,UZ,Uzbekistan,0,121936.0,871.0,0.0,0.0,199118.0,1485.0,0.0,0.0
UZ,2022,UZ,Uzbekistan,0,44888.0,152.0,0.0,0.0,244006.0,1637.0,0.0,0.0
VA,2020,VA,Vatican City,0,26.0,0.0,0.0,0.0,26.0,0.0,0.0,0.0
VA,2021,VA,Vatican City,0,0.0,0.0,0.0,0.0,26.0,0.0,0.0,0.0
VA,2022,VA,Vatican City,0,0.0,0.0,0.0,0.0,26.0,0.0,0.0,0.0
VC,2020,VC,Saint Vincent and the Grenadines,0,121.0,0.0,0.0,0.0,121.0,0.0,0.0,0.0
VC,2021,VC,Saint Vincent and the Grenadines,0,5870.0,83.0,0.0,1543.0,5991.0,83.0,0.0,93855.0
VC,2022,VC,Saint Vincent and the Grenadines,0,3455.0,33.0,0.0,735.0,9446.0,116.0,0.0,108388.0
VE,2020,VE,Venezuela,0,113562.0,1028.0,0.0,0.0,113562.0,1028.0,0.0,0.0
VE,2021,VE,Venezuela,0,331073.0,4300.0,0.0,0.0,444635.0,5328.0,0.0,0.0
VE,2022,VE,Venezuela,0,99238.0,481.0,0.0,0.0,543873.0,5809.0,0.0,0.0
VG,2020,VG,British Virgin Islands,0,93.0,1.0,0.0,0.0,93.0,1.0,0.0,0.0
VG,2021,VG,British Virgin Islands,0,3399.0,38.0,0.0,0.0,3492.0,39.0,0.0,0.0
VG,2022,VG,British Virgin Islands,0,3813.0,25.0,0.0,0.0,7305.0,64.0,0.0,96630.0
VI,2020,VI,United States Virgin Islands,0,2036.0,23.0,0.0,31499.0,2036.0,23.0,0.0,31499.0
VI,2021,VI,United States Virgin Islands,0,8070.0,66.0,0.0,68112.0,10106.0,89.0,0.0,99611.0
VI,2022,VI,United States Virgin Islands,0,12864.0,34.0,0.0,15468.0,22970.0,123.0,0.0,115079.0
VN,2020,VN,Vietnam,0,1474.0,35.0,0.0,0.0,1474.0,35.0,0.0,0.0
VN,2021,VN,Vietnam,0,1744618.0,32575.0,0.0,24988285.0,1746092.0,32610.0,0.0,74967758.0
VN,2022,VN,Vietnam,0,9701942.0,10522.0,0.0,4205614.0,11448034.0,43132.0,0.0,85824349.0
VU,2020,VU,Vanuatu,0,1.0,0.0,0.0,0.0,1.0,0.0,0.0,0.0
VU,2021,VU,Vanuatu,0,6.0,0.0,0.0,0.0,7.0,0.0,0.0,0.0
VU,2022,VU,Vanuatu,0,11914.0,14.0,0.0,0.0,11921.0,14.0,0.0,11989.0
WF,2020,WF,Wallis and Futuna,0,4.0,0.0,0.0,0.0,4.0,0.0,0.0,0.0
WF,2021,WF,Wallis and Futuna,0,449.0,7.0,0.0,0.0,453.0,7.0,0.0,0.0
WF,2022,WF,Wallis and Futuna,0,308.0,0.0,0.0,0.0,761.0,7.0,0.0,0.0
WS,2020,WS,Samoa,0,1.0,0.0,0.0,0.0,1.0,0.0,0.0,0.0
WS,2021,WS,Samoa,0,1.0,0.0,0.0,0.0,2.0,0.0,0.0,0.0
WS,2022,WS,Samoa,0,15887.0,29.0,0.0,0.0,15889.0,29.0,0.0,0.0
XK,2020,XK,Kosovo,0,51285.0,1325.0,0.0,0.0,51285.0,1325.0,0.0,0.0
XK,2021,XK,Kosovo,0,110156.0,1655.0,0.0,0.0,161441.0,2980.0,0.0,0.0
XK,2022,XK,Kosovo,0,110480.0,209.0,0.0,0.0,271921.0,3189.0,0.0,0.0
YE,2020,YE,Yemen,0,2105.0,611.0,0.0,0.0,2105.0,611.0,0.0,0.0
YE,2021,YE,Yemen,0,8022.0,1373.0,0.0,0.0,10127.0,1984.0,0.0,0.0
YE,2022,YE,Yemen,0,1805.0,171.0,0.0,0.0,11932.0,2155.0,0.0,336937.0
YT,2020,YT,Mayotte,0,5890.0,55.0,0.0,0.0,5890.0,55.0,0.0,0.0
YT,2021,YT,Mayotte,0,16021.0,130.0,0.0,0.0,21911.0,185.0,0.0,0.0
YT,2022,YT,Mayotte,0,18250.0,2.0,0.0,0.0,40161.0,187.0,0.0,0.0
ZA,2020,ZA,South Africa,0,1073997.0,28887.0,0.0,6530522.0,1073839.0,28887.0,0.0,6659318.0
ZA,2021,ZA,South Africa,0,2394224.0,62311.0,0.0,14311804.0,3468079.0,91198.0,0.0,21267879.0
ZA,2022,ZA,South Africa,0,546907.0,10931.0,0.0,3968930.0,4014986.0,102129.0,0.0,25637671.0
ZM,2020,ZM,Zambia,0,20997.0,390.0,0.0,582960.0,20997.0,390.0,0.0,609602.0
ZM,2021,ZM,Zambia,0,236951.0,3350.0,0.0,2318102.0,257948.0,3740.0,0.0,2970632.0
ZM,2022,ZM,Zambia,0,75281.0,277.0,0.0,511274.0,333229.0,4017.0,0.0,3514038.0
ZW,2020,ZW,Zimbabwe,0,14084.0,369.0,0.0,210761.0,14084.0,369.0,0.0,219933.0
ZW,2021,ZW,Zimbabwe,0,200130.0,4648.0,0.0,1490892.0,214214.0,5017.0,0.0,1710825.0
ZW,2022,ZW,Zimbabwe,0,42725.0,579.0,0.0,168030.0,256939.0,5596.0,0.0,2379907.0
